monthly_usage_hours,days_since_signup,num_support_tickets,avg_session_minutes,num_referrals,discount_pct_used,upgraded
10.0,300.0,0.0,37.2,2.0,10.5,0
15.6,174.0,1.0,20.1,2.0,0.0,1
29.0,133.0,0.0,9.1,2.0,0.0,0
32.1,182.0,4.0,27.5,1.0,0.0,1
29.5,234.0,1.0,20.7,1.0,7.7,1
26.5,135.0,1.0,23.3,2.0,26.7,0
46.6,237.0,3.0,23.5,0.0,4.6,0
36.6,322.0,2.0,26.3,0.0,5.7,1
21.5,174.0,0.0,20.0,2.0,0.0,0
28.1,135.0,1.0,17.5,2.0,6.9,1
60.3,263.0,0.0,37.9,0.0,0.0,0
21.2,151.0,0.0,10.2,2.0,13.5,0
41.5,252.0,2.0,15.5,1.0,25.8,0
38.2,91.0,1.0,25.7,2.0,0.0,0
38.7,141.0,4.0,27.1,1.0,17.2,1
39.8,92.0,2.0,30.9,1.0,10.9,0
37.1,190.0,3.0,22.1,1.0,0.0,1
40.6,299.0,0.0,26.3,1.0,0.0,0
54.5,1.0,3.0,21.1,1.0,0.0,0
55.4,173.0,4.0,26.9,0.0,17.2,1
61.6,1.0,4.0,17.6,1.0,0.0,0
56.5,213.0,3.0,15.2,0.0,15.0,0
75.0,288.0,0.0,7.0,0.0,0.0,0
43.8,17.0,2.0,17.8,1.0,0.0,0
31.6,179.0,0.0,18.2,1.0,0.0,0
28.0,164.0,0.0,24.4,2.0,1.6,0
15.1,184.0,0.0,5.2,2.0,8.0,0
38.7,258.0,1.0,19.9,1.0,5.7,0
19.1,289.0,0.0,12.3,2.0,9.8,1
55.5,256.0,0.0,22.4,0.0,0.0,0
45.3,213.0,3.0,9.3,1.0,22.4,0
29.2,152.0,1.0,32.4,2.0,24.2,0
49.2,205.0,0.0,26.9,1.0,6.1,0
25.7,135.0,0.0,22.6,2.0,5.1,0
48.6,1.0,1.0,6.8,1.0,0.0,0
42.1,247.0,0.0,20.1,1.0,4.9,1
40.0,131.0,5.0,24.9,1.0,8.4,1
19.1,151.0,0.0,20.2,2.0,26.7,0
50.4,209.0,0.0,10.3,0.0,0.3,0
12.7,128.0,0.0,13.8,3.0,0.0,1
30.5,83.0,0.0,21.5,2.0,0.0,0
55.0,185.0,1.0,22.4,0.0,0.0,0
49.9,286.0,0.0,20.5,0.0,0.0,0
19.9,192.0,0.0,17.5,2.0,23.8,0
47.8,333.0,0.0,13.6,0.0,2.8,1
10.9,212.0,0.0,19.3,3.0,14.9,0
41.9,229.0,6.0,3.9,0.0,0.0,1
65.4,243.0,0.0,12.0,0.0,0.0,0
44.8,371.0,2.0,9.6,0.0,10.8,1
36.0,234.0,4.0,21.8,1.0,21.6,0
42.8,278.0,2.0,28.1,0.0,10.8,0
23.6,171.0,0.0,18.0,2.0,0.8,0
46.1,66.0,1.0,11.9,1.0,0.0,0
44.5,342.0,0.0,33.0,0.0,0.0,0
41.7,226.0,0.0,8.8,1.0,0.0,0
35.0,279.0,0.0,23.7,1.0,2.1,1
46.7,212.0,2.0,27.1,1.0,11.7,0
2.2,118.0,0.0,22.0,3.0,0.0,1
35.7,222.0,0.0,6.0,1.0,0.0,0
53.8,244.0,2.0,19.2,0.0,21.0,0
52.0,162.0,4.0,22.5,0.0,16.6,1
50.2,187.0,1.0,22.1,1.0,10.5,0
28.7,132.0,0.0,26.4,2.0,8.4,0
38.2,259.0,4.0,21.3,1.0,22.5,0
38.9,57.0,2.0,28.2,2.0,7.8,0
19.4,176.0,0.0,24.7,2.0,5.4,0
45.8,374.0,6.0,14.4,0.0,0.0,1
52.8,209.0,4.0,35.6,0.0,19.8,0
38.5,154.0,3.0,29.1,1.0,20.4,0
27.0,112.0,1.0,29.5,2.0,19.7,0
33.1,76.0,3.0,19.0,2.0,21.3,1
36.2,208.0,0.0,15.3,1.0,0.0,0
21.1,113.0,0.0,12.4,3.0,23.9,0
58.0,86.0,2.0,20.9,1.0,41.5,1
25.4,96.0,0.0,20.2,2.0,21.8,0
47.0,229.0,1.0,17.6,0.0,8.4,0
36.9,1.0,3.0,21.0,2.0,34.0,1
67.1,167.0,0.0,13.5,0.0,0.0,0
51.9,260.0,0.0,19.2,0.0,0.0,0
33.3,245.0,1.0,23.2,1.0,1.3,1
39.1,200.0,2.0,28.7,1.0,3.7,0
31.1,106.0,1.0,26.7,2.0,19.5,0
57.2,102.0,3.0,16.7,1.0,29.8,1
21.9,167.0,0.0,22.3,2.0,24.6,0
72.7,247.0,5.0,35.5,0.0,20.7,1
18.2,201.0,0.0,32.3,2.0,18.9,0
31.1,62.0,0.0,29.3,2.0,0.0,1
48.4,1.0,1.0,18.4,2.0,59.5,1
47.4,172.0,4.0,19.7,1.0,18.2,1
28.9,45.0,2.0,10.8,2.0,28.9,1
51.5,81.0,3.0,21.8,1.0,28.5,1
33.7,89.0,4.0,12.9,2.0,19.1,1
32.2,219.0,2.0,32.1,1.0,10.5,0
35.5,116.0,1.0,22.8,2.0,0.0,0
50.1,222.0,1.0,10.5,0.0,0.0,0
22.8,149.0,0.0,34.4,2.0,8.5,0
38.3,51.0,3.0,14.6,2.0,26.7,1
25.1,175.0,1.0,16.8,2.0,20.3,0
24.1,149.0,0.0,20.9,2.0,7.6,0
21.2,174.0,1.0,12.0,2.0,41.7,0
19.3,127.0,0.0,18.0,3.0,24.8,0
43.0,302.0,1.0,27.0,0.0,14.8,0
72.2,276.0,0.0,29.1,0.0,22.1,0
38.1,98.0,1.0,5.1,1.0,0.0,0
55.0,15.0,2.0,35.8,1.0,50.0,1
45.2,193.0,4.0,15.0,1.0,27.8,0
45.0,199.0,4.0,14.8,0.0,18.3,1
58.7,1.0,3.0,20.3,1.0,0.0,0
21.2,234.0,3.0,4.0,2.0,13.2,0
63.2,267.0,0.0,22.9,0.0,0.0,0
50.1,234.0,6.0,28.7,0.0,1.8,1
54.2,404.0,1.0,13.7,0.0,9.1,1
51.9,183.0,4.0,20.1,0.0,23.5,0
57.9,261.0,0.0,25.3,0.0,0.0,0
37.8,198.0,1.0,20.3,1.0,0.3,0
57.5,254.0,0.0,15.5,0.0,1.8,0
49.3,278.0,0.0,29.9,0.0,0.0,0
15.0,170.0,0.0,30.4,3.0,12.4,0
51.3,168.0,5.0,33.5,0.0,14.7,1
53.7,194.0,1.0,36.5,0.0,5.8,0
20.4,203.0,0.0,25.4,2.0,0.0,0
35.3,239.0,0.0,24.1,1.0,17.3,1
60.9,243.0,0.0,24.3,0.0,2.0,0
48.7,194.0,4.0,16.2,0.0,12.9,1
34.7,58.0,1.0,27.4,2.0,9.7,0
50.3,282.0,0.0,10.6,0.0,0.0,0
26.6,141.0,1.0,8.6,2.0,21.7,0
59.1,323.0,0.0,20.7,0.0,0.0,0
48.8,269.0,6.0,23.4,0.0,0.0,1
68.1,249.0,0.0,18.0,0.0,0.0,0
37.1,75.0,4.0,18.3,1.0,17.9,1
42.2,410.0,4.0,14.1,0.0,2.9,1
25.0,174.0,0.0,32.0,2.0,0.0,0
21.4,179.0,0.0,21.3,2.0,0.0,0
37.7,225.0,3.0,13.1,1.0,14.6,0
50.5,202.0,0.0,22.6,0.0,0.0,0
59.7,274.0,0.0,10.2,0.0,0.0,0
46.4,113.0,1.0,20.4,1.0,0.0,0
38.8,65.0,0.0,26.1,2.0,0.0,0
80.9,252.0,0.0,19.0,0.0,7.6,0
37.1,306.0,0.0,15.1,1.0,0.0,0
37.1,52.0,3.0,19.2,2.0,34.0,1
23.1,156.0,0.0,37.7,2.0,14.6,0
31.1,94.0,1.0,31.3,2.0,12.8,0
18.3,248.0,0.0,29.1,2.0,5.8,1
42.2,229.0,0.0,6.2,1.0,0.9,1
39.0,220.0,2.0,3.7,1.0,11.8,0
61.2,158.0,3.0,24.0,0.0,30.8,1
36.2,176.0,4.0,32.3,1.0,11.2,1
57.6,19.0,2.0,24.6,1.0,48.2,1
72.6,233.0,0.0,23.7,0.0,10.2,1
52.1,473.0,0.0,19.7,0.0,22.5,1
35.2,149.0,2.0,25.4,1.0,7.8,0
13.1,157.0,0.0,35.5,3.0,23.2,0
49.7,373.0,2.0,32.1,0.0,11.5,1
21.8,161.0,0.0,4.7,2.0,5.8,0
17.2,149.0,1.0,21.3,3.0,43.2,0
65.7,313.0,0.0,22.1,0.0,0.0,0
58.7,236.0,0.0,27.0,0.0,10.2,0
8.6,229.0,0.0,31.5,3.0,0.0,0
61.8,153.0,4.0,14.4,0.0,21.6,1
39.3,257.0,0.0,10.8,1.0,0.0,0
56.7,208.0,4.0,26.8,0.0,26.5,0
20.0,192.0,0.0,11.7,2.0,0.0,0
62.0,157.0,4.0,30.5,0.0,21.0,1
47.6,227.0,0.0,9.2,1.0,0.0,0
53.7,255.0,0.0,25.8,0.0,0.0,0
50.9,242.0,1.0,20.7,0.0,3.4,0
27.0,182.0,0.0,12.2,2.0,15.0,1
52.4,82.0,5.0,31.9,1.0,21.3,1
28.5,132.0,5.0,32.1,2.0,7.7,1
45.4,238.0,0.0,6.2,1.0,0.0,0
28.3,187.0,4.0,17.1,1.0,4.7,1
17.9,188.0,0.0,18.4,2.0,25.2,0
44.7,58.0,3.0,17.6,1.0,36.2,1
39.3,76.0,1.0,31.3,1.0,0.0,0
40.5,187.0,0.0,20.2,1.0,4.1,1
51.1,152.0,4.0,28.7,0.0,13.2,1
13.9,214.0,0.0,18.8,2.0,0.0,0
42.4,56.0,2.0,11.5,1.0,8.4,0
64.7,251.0,0.0,24.9,0.0,0.0,0
43.2,129.0,4.0,25.0,1.0,14.4,1
26.6,166.0,0.0,24.1,2.0,0.3,0
45.4,39.0,1.0,19.0,1.0,0.0,0
58.2,249.0,0.0,25.1,0.0,3.6,0
30.8,229.0,1.0,25.4,1.0,2.4,0
51.7,221.0,0.0,29.1,0.0,0.0,0
57.4,174.0,1.0,21.7,0.0,0.9,0
24.7,171.0,0.0,26.5,2.0,2.1,1
44.7,295.0,0.0,16.5,0.0,4.6,0
58.0,189.0,1.0,22.6,0.0,0.2,0
46.3,284.0,0.0,19.7,0.0,0.0,0
46.1,172.0,3.0,7.6,1.0,17.1,0
40.5,116.0,5.0,23.5,1.0,7.3,1
56.8,251.0,0.0,23.7,0.0,0.0,0
72.4,222.0,0.0,17.2,0.0,0.0,0
10.0,183.0,0.0,22.6,3.0,10.2,0
42.5,82.0,1.0,7.3,1.0,0.0,0
53.7,242.0,0.0,13.3,0.0,0.0,0
44.1,66.0,1.0,20.9,1.0,0.0,0
17.7,83.0,0.0,5.8,3.0,0.0,1
31.0,140.0,1.0,25.3,2.0,0.9,0
66.2,268.0,0.0,26.6,0.0,0.0,0
47.0,118.0,4.0,20.3,1.0,25.4,1
51.3,219.0,1.0,4.6,0.0,9.2,0
41.0,214.0,2.0,29.6,1.0,5.5,0
66.7,247.0,1.0,13.8,0.0,7.4,0
28.9,162.0,1.0,6.5,2.0,6.9,0
32.6,106.0,0.0,12.3,2.0,0.0,0
49.4,214.0,1.0,17.8,0.0,15.2,0
18.2,143.0,1.0,29.9,3.0,30.6,0
35.1,101.0,0.0,18.6,2.0,0.0,0
50.8,236.0,0.0,26.3,0.0,0.0,0
38.3,53.0,1.0,24.1,2.0,0.0,0
28.1,308.0,1.0,23.9,1.0,6.6,0
47.9,330.0,1.0,19.9,0.0,8.8,1
64.1,283.0,1.0,14.8,0.0,9.5,0
18.6,159.0,0.0,13.9,2.0,16.0,0
26.3,141.0,0.0,13.3,2.0,8.2,0
38.4,87.0,1.0,18.6,2.0,0.0,0
66.5,208.0,0.0,15.1,0.0,9.7,0
29.3,211.0,3.0,28.0,1.0,9.4,0
41.9,220.0,0.0,5.9,1.0,0.0,0
32.5,278.0,1.0,12.4,1.0,6.9,0
85.6,268.0,0.0,36.1,0.0,7.8,0
26.9,159.0,0.0,27.7,2.0,0.0,0
41.4,72.0,3.0,24.5,1.0,24.6,1
39.9,210.0,5.0,22.5,1.0,3.9,0
40.3,236.0,0.0,19.7,1.0,0.0,0
53.0,333.0,0.0,18.2,0.0,0.0,0
19.7,158.0,0.0,15.1,2.0,16.3,0
26.2,172.0,0.0,32.3,2.0,2.3,0
11.6,243.0,1.0,23.4,2.0,7.7,1
32.6,88.0,1.0,31.4,2.0,15.1,0
57.4,222.0,2.0,25.4,0.0,14.9,0
14.1,200.0,0.0,29.0,3.0,27.0,0
38.9,282.0,3.0,11.6,1.0,27.3,0
16.8,1.0,2.0,1.4,3.0,29.7,1
33.4,54.0,2.0,10.7,2.0,23.8,0
32.2,275.0,0.0,20.8,1.0,6.6,0
37.3,242.0,0.0,32.5,1.0,0.0,0
41.2,205.0,3.0,34.2,1.0,22.1,0
31.6,279.0,2.0,20.6,1.0,0.0,1
23.7,165.0,0.0,19.5,2.0,5.5,0
33.4,57.0,2.0,28.9,2.0,23.3,0
34.8,265.0,2.0,27.9,1.0,0.7,1
25.5,175.0,1.0,23.9,2.0,21.5,0
21.0,138.0,1.0,22.3,2.0,36.9,0
18.3,154.0,0.0,11.6,2.0,12.0,0
47.3,15.0,2.0,11.9,1.0,0.0,0
39.3,105.0,1.0,10.2,1.0,0.0,0
37.0,108.0,2.0,12.2,1.0,7.6,0
38.6,196.0,5.0,23.0,1.0,9.5,1
47.8,29.0,2.0,29.0,1.0,38.7,1
56.5,257.0,5.0,25.0,0.0,11.4,0
47.8,254.0,0.0,17.8,0.0,0.0,0
54.9,200.0,1.0,26.8,0.0,4.9,0
28.1,136.0,0.0,36.9,2.0,0.0,0
42.6,164.0,1.0,10.6,1.0,0.0,0
40.3,67.0,2.0,28.6,1.0,1.5,0
42.5,247.0,2.0,3.0,1.0,14.7,0
48.6,93.0,3.0,13.5,1.0,28.7,1
23.5,199.0,0.0,30.1,2.0,5.9,1
22.2,211.0,0.0,21.5,2.0,11.2,1
19.2,126.0,1.0,24.5,3.0,45.0,0
27.6,156.0,0.0,24.2,2.0,0.0,0
30.4,104.0,1.0,22.8,2.0,3.9,0
3.8,254.0,0.0,5.2,3.0,43.1,0
26.5,141.0,0.0,24.1,2.0,4.2,0
30.0,212.0,5.0,20.6,1.0,0.0,1
53.1,104.0,3.0,27.8,1.0,31.3,1
42.0,51.0,2.0,31.6,1.0,5.9,0
18.4,212.0,0.0,21.2,2.0,0.0,0
51.8,283.0,0.0,17.4,0.0,0.0,0
27.3,290.0,2.0,12.5,1.0,9.9,1
35.7,92.0,2.0,35.8,2.0,13.6,0
54.5,353.0,3.0,30.4,0.0,0.0,1
27.9,343.0,0.0,9.7,1.0,14.6,1
62.6,212.0,2.0,9.2,0.0,27.4,0
33.4,81.0,4.0,24.4,2.0,20.7,1
67.2,263.0,2.0,24.5,0.0,25.4,0
30.6,282.0,0.0,15.7,1.0,0.5,0
43.0,296.0,0.0,23.8,0.0,1.4,0
35.5,88.0,0.0,22.6,2.0,0.0,0
52.3,100.0,3.0,15.7,1.0,26.4,1
57.5,1.0,2.0,30.6,1.0,56.4,1
34.1,110.0,1.0,7.6,2.0,6.3,0
81.5,313.0,0.0,11.9,0.0,0.0,0
49.9,45.0,2.0,14.9,1.0,39.1,1
50.1,194.0,3.0,18.2,0.0,24.9,0
45.9,81.0,2.0,12.0,1.0,2.5,0
50.5,1.0,3.0,28.7,1.0,0.0,0
27.9,1.0,3.0,17.2,3.0,27.9,1
55.3,371.0,2.0,37.2,0.0,6.1,1
47.6,218.0,4.0,14.9,0.0,26.9,0
26.2,115.0,1.0,3.6,2.0,20.4,0
47.1,250.0,4.0,21.3,0.0,24.7,1
45.4,276.0,3.0,17.9,0.0,21.6,0
39.3,266.0,0.0,14.2,1.0,0.0,0
11.2,233.0,0.0,23.6,2.0,9.6,0
48.6,254.0,1.0,30.1,0.0,11.7,0
50.7,235.0,1.0,35.3,0.0,0.0,0
26.4,236.0,3.0,3.1,1.0,0.0,1
22.7,179.0,0.0,29.3,2.0,0.0,1
36.4,323.0,0.0,26.9,1.0,14.8,1
9.3,237.0,0.0,34.7,3.0,11.0,0
30.4,206.0,1.0,17.4,1.0,0.0,1
60.4,224.0,0.0,29.6,0.0,1.1,0
33.2,92.0,1.0,11.7,2.0,8.7,0
51.2,213.0,0.0,20.5,0.0,0.0,0
15.3,164.0,0.0,30.1,3.0,25.4,0
65.9,110.0,3.0,23.8,0.0,35.1,1
29.6,244.0,1.0,12.8,1.0,1.0,1
29.3,108.0,0.0,17.4,2.0,6.6,0
31.9,101.0,0.0,21.1,2.0,0.0,0
57.2,148.0,4.0,18.2,0.0,21.2,1
57.0,210.0,2.0,29.9,0.0,12.0,0
50.2,31.0,3.0,14.9,1.0,41.1,1
69.8,187.0,2.0,19.8,0.0,27.5,0
60.9,207.0,0.0,24.7,0.0,0.0,0
32.9,90.0,1.0,10.7,2.0,5.4,0
38.3,223.0,0.0,17.2,1.0,11.8,1
28.2,113.0,0.0,18.9,2.0,0.0,0
48.7,5.0,2.0,12.1,1.0,0.0,0
65.2,108.0,3.0,6.4,0.0,35.0,1
25.8,160.0,0.0,16.7,2.0,0.0,0
40.1,90.0,3.0,12.2,1.0,10.9,0
43.8,54.0,3.0,24.2,1.0,34.6,1
37.9,145.0,4.0,22.5,1.0,12.1,1
50.0,257.0,0.0,12.3,0.0,6.3,0
47.7,11.0,2.0,29.7,1.0,0.0,0
27.8,316.0,0.0,40.4,1.0,3.8,1
24.7,154.0,1.0,12.7,2.0,23.7,0
46.8,194.0,3.0,6.7,1.0,23.8,0
52.6,253.0,5.0,16.1,0.0,0.0,1
14.4,227.0,0.0,18.5,2.0,0.0,0
40.0,241.0,0.0,16.4,1.0,0.0,0
29.6,130.0,1.0,17.6,2.0,13.7,0
32.9,109.0,0.0,29.2,2.0,0.0,0
49.1,213.0,6.0,15.5,0.0,29.9,0
43.5,226.0,1.0,22.1,1.0,6.3,0
84.3,291.0,0.0,16.2,0.0,0.0,0
70.5,217.0,4.0,16.0,0.0,24.4,1
8.8,223.0,0.0,12.2,3.0,15.6,0
48.4,223.0,3.0,15.0,0.0,8.0,0
48.6,34.0,3.0,11.3,1.0,4.3,0
70.7,235.0,0.0,23.6,0.0,0.0,0
36.4,108.0,2.0,21.3,2.0,12.8,0
45.1,259.0,6.0,20.2,0.0,0.0,1
45.7,142.0,2.0,15.2,1.0,4.3,0
30.3,240.0,2.0,24.9,1.0,5.5,1
0.0,319.0,0.0,12.9,3.0,22.1,0
39.9,71.0,2.0,13.9,2.0,13.0,0
53.3,1.0,3.0,24.2,1.0,0.0,0
45.2,83.0,2.0,16.9,1.0,0.0,0
47.5,343.0,4.0,19.4,0.0,9.5,1
52.1,219.0,4.0,23.1,0.0,18.7,1
15.1,148.0,0.0,1.0,3.0,32.3,0
29.5,227.0,0.0,15.9,1.0,3.1,1
60.6,228.0,1.0,19.5,0.0,19.8,0
58.0,259.0,0.0,23.4,0.0,3.2,0
34.8,359.0,0.0,10.3,1.0,18.3,1
44.3,251.0,2.0,15.9,0.0,8.7,0
40.3,191.0,3.0,22.4,1.0,18.4,0
32.6,109.0,0.0,15.6,2.0,4.7,0
47.2,194.0,5.0,27.6,0.0,4.5,1
21.7,169.0,2.0,11.4,2.0,34.4,0
55.2,86.0,4.0,3.7,1.0,28.8,1
61.4,230.0,1.0,21.4,0.0,11.5,0
43.1,8.0,2.0,21.7,2.0,1.5,0
49.8,224.0,5.0,17.7,0.0,11.4,1
30.7,191.0,2.0,26.5,1.0,9.1,0
27.1,90.0,0.0,24.7,2.0,0.9,0
40.9,283.0,2.0,19.7,0.0,22.8,0
43.0,227.0,0.0,33.3,1.0,0.0,0
39.0,238.0,0.0,17.4,1.0,0.0,0
50.9,219.0,1.0,16.3,0.0,7.3,0
56.5,441.0,2.0,25.2,0.0,16.2,1
37.8,114.0,4.0,20.8,1.0,11.7,1
34.9,79.0,0.0,20.5,2.0,0.0,0
44.8,221.0,0.0,16.3,1.0,2.6,0
26.5,284.0,0.0,17.6,1.0,0.0,0
44.1,41.0,2.0,37.3,1.0,0.0,0
22.1,143.0,0.0,21.7,2.0,11.7,1
48.2,251.0,2.0,17.4,0.0,9.4,0
41.3,181.0,1.0,26.0,1.0,3.7,0
34.1,296.0,0.0,14.8,1.0,16.5,1
69.4,338.0,5.0,19.5,0.0,6.7,1
55.3,280.0,1.0,10.5,0.0,20.1,0
51.7,293.0,0.0,27.3,0.0,0.0,0
23.1,177.0,0.0,27.1,2.0,12.2,0
33.1,180.0,1.0,1.4,1.0,0.0,1
50.7,209.0,1.0,22.9,0.0,3.2,0
74.3,184.0,0.0,18.3,0.0,1.5,0
30.2,123.0,0.0,17.5,2.0,0.0,0
51.3,219.0,0.0,26.8,0.0,4.8,0
16.5,203.0,0.0,24.2,2.0,0.0,0
21.6,267.0,0.0,1.2,2.0,0.0,0
18.2,170.0,1.0,21.2,2.0,31.9,0
43.8,221.0,1.0,1.0,1.0,6.9,0
55.8,230.0,0.0,10.9,0.0,0.0,0
17.2,144.0,0.0,37.1,3.0,0.0,0
41.9,99.0,0.0,28.6,1.0,0.0,0
46.7,261.0,0.0,24.1,0.0,0.0,0
33.3,236.0,5.0,13.6,1.0,0.0,1
23.9,159.0,0.0,9.8,2.0,0.0,1
52.3,4.0,2.0,16.4,1.0,0.0,0
53.1,292.0,0.0,34.3,0.0,17.3,1
46.5,282.0,1.0,1.0,0.0,18.3,0
40.6,295.0,0.0,21.0,1.0,3.7,0
47.8,255.0,0.0,38.5,0.0,0.0,0
32.4,266.0,0.0,5.3,1.0,0.0,0
34.1,325.0,0.0,23.7,1.0,9.9,1
38.9,23.0,2.0,9.1,2.0,23.1,0
41.3,273.0,2.0,10.0,1.0,15.0,0
39.4,46.0,1.0,16.6,2.0,0.0,0
50.6,25.0,3.0,13.3,1.0,0.8,0
13.3,239.0,0.0,9.5,2.0,1.7,0
31.1,77.0,0.0,9.7,2.0,4.4,0
27.7,115.0,1.0,21.9,2.0,22.9,0
55.4,247.0,1.0,14.3,0.0,4.9,0
69.2,252.0,0.0,18.8,0.0,6.7,0
24.2,187.0,0.0,23.1,2.0,12.5,0
41.9,250.0,1.0,1.0,1.0,16.7,0
37.7,117.0,1.0,26.1,1.0,5.0,0
34.0,74.0,1.0,8.6,2.0,1.9,0
49.4,227.0,1.0,11.2,0.0,16.4,0
40.4,46.0,2.0,8.3,2.0,19.7,0
39.6,90.0,0.0,13.8,1.0,0.0,0
34.3,120.0,1.0,30.1,2.0,3.4,0
24.3,129.0,0.0,14.2,2.0,11.9,0
3.0,248.0,0.0,21.8,3.0,18.9,0
14.5,171.0,0.0,20.1,3.0,16.8,0
13.2,214.0,0.0,28.6,3.0,34.1,0
43.5,75.0,1.0,18.7,1.0,0.0,0
47.4,396.0,0.0,17.3,0.0,13.1,1
31.8,218.0,3.0,16.2,1.0,3.6,0
75.5,262.0,0.0,30.6,0.0,12.1,0
45.3,224.0,0.0,19.7,1.0,6.2,0
25.4,181.0,0.0,13.5,2.0,2.9,0
72.8,218.0,0.0,11.8,0.0,21.2,0
9.7,125.0,0.0,22.5,3.0,9.8,1
63.9,228.0,1.0,9.5,0.0,13.2,0
37.0,245.0,1.0,15.1,1.0,1.7,0
44.0,297.0,0.0,23.0,0.0,6.8,0
59.3,269.0,1.0,30.9,0.0,25.4,0
15.6,184.0,0.0,18.9,3.0,17.0,1
48.0,4.0,3.0,9.6,1.0,38.4,1
41.9,277.0,0.0,21.8,1.0,0.0,0
40.5,289.0,0.0,7.7,1.0,7.6,1
59.3,203.0,1.0,23.4,0.0,20.5,0
8.1,241.0,0.0,21.8,3.0,38.2,0
21.4,178.0,0.0,27.8,2.0,18.7,0
50.4,259.0,0.0,10.7,0.0,0.0,0
60.7,290.0,0.0,24.3,0.0,11.2,0
54.8,247.0,0.0,25.8,0.0,0.3,0
36.9,182.0,2.0,3.8,1.0,10.2,0
48.6,114.0,2.0,11.6,1.0,26.0,1
25.4,152.0,0.0,23.5,2.0,0.0,0
43.5,107.0,2.0,11.6,1.0,30.8,1
16.9,293.0,0.0,19.6,2.0,28.3,1
37.0,76.0,0.0,15.9,2.0,0.0,0
58.8,227.0,0.0,14.0,0.0,6.0,0
18.7,176.0,0.0,19.4,2.0,25.6,0
49.7,232.0,0.0,20.8,0.0,0.0,0
27.7,322.0,1.0,23.4,1.0,12.9,1
45.4,224.0,1.0,20.0,1.0,8.9,0
54.5,214.0,3.0,13.1,0.0,17.0,0
21.1,159.0,2.0,23.4,2.0,43.0,0
13.1,227.0,0.0,27.3,2.0,0.0,0
42.5,302.0,0.0,17.8,0.0,5.0,1
34.0,85.0,1.0,24.1,2.0,7.1,0
39.4,43.0,1.0,11.3,2.0,5.9,0
32.5,95.0,1.0,16.6,2.0,4.1,0
34.9,92.0,3.0,19.1,2.0,26.4,1
49.6,246.0,1.0,3.9,0.0,7.2,0
25.6,109.0,0.0,37.6,2.0,18.8,0
55.2,268.0,0.0,22.0,0.0,11.3,0
30.6,100.0,1.0,25.6,2.0,17.7,0
55.6,240.0,0.0,14.4,0.0,0.0,0
34.9,67.0,1.0,11.9,2.0,9.3,0
39.3,203.0,3.0,12.7,1.0,19.0,0
69.3,194.0,1.0,21.9,0.0,0.8,0
41.5,320.0,0.0,30.9,0.0,5.9,0
71.3,253.0,1.0,24.0,0.0,26.1,0
48.9,250.0,0.0,25.7,0.0,6.9,0
54.4,286.0,0.0,14.1,0.0,2.5,0
45.7,1.0,1.0,18.3,1.0,0.0,0
47.5,301.0,0.0,16.8,0.0,5.0,0
39.9,55.0,1.0,20.7,2.0,0.0,1
53.5,192.0,2.0,9.4,0.0,20.4,0
31.2,131.0,0.0,27.6,2.0,0.0,0
41.6,302.0,0.0,23.3,1.0,0.0,0
37.7,262.0,0.0,11.3,1.0,0.0,0
49.7,286.0,0.0,18.9,0.0,0.0,1
55.0,207.0,5.0,34.1,0.0,13.3,1
19.1,182.0,0.0,25.4,2.0,1.9,0
56.7,495.0,2.0,9.4,0.0,12.1,1
39.7,239.0,0.0,19.9,1.0,0.0,0
51.9,119.0,4.0,27.9,1.0,24.5,1
0.0,338.0,0.0,20.9,3.0,44.7,0
44.7,281.0,2.0,20.7,0.0,20.9,0
33.9,239.0,2.0,21.7,1.0,0.0,1
49.5,322.0,0.0,2.1,0.0,9.2,0
30.1,182.0,0.0,30.3,2.0,0.0,1
32.9,286.0,1.0,18.8,1.0,3.2,0
46.0,119.0,3.0,13.7,1.0,22.5,1
36.3,1.0,4.0,10.0,2.0,25.5,1
8.6,231.0,0.0,23.4,3.0,16.9,0
34.4,113.0,0.0,26.2,2.0,0.0,0
33.6,100.0,2.0,23.8,2.0,24.9,0
40.8,307.0,4.0,26.7,0.0,0.0,1
30.5,114.0,1.0,7.7,2.0,9.6,0
67.9,211.0,0.0,18.5,0.0,0.0,0
24.4,150.0,0.0,16.4,2.0,15.0,0
36.0,107.0,2.0,32.6,2.0,7.1,0
21.0,183.0,0.0,11.0,2.0,12.0,1
52.1,208.0,0.0,40.7,0.0,7.2,0
46.4,155.0,4.0,26.7,1.0,14.6,1
23.4,164.0,3.0,25.9,2.0,0.0,1
59.5,209.0,5.0,21.0,0.0,18.3,1
50.5,271.0,0.0,7.6,0.0,0.0,0
11.7,273.0,0.0,5.6,2.0,0.4,0
28.3,143.0,1.0,23.5,2.0,11.8,0
45.9,80.0,1.0,18.6,1.0,45.4,1
33.1,97.0,1.0,16.8,2.0,2.9,0
28.8,104.0,0.0,27.8,2.0,0.0,0
18.5,213.0,0.0,15.0,2.0,0.0,0
43.0,59.0,3.0,10.3,1.0,18.9,0
51.8,127.0,4.0,22.8,0.0,22.4,1
31.4,185.0,2.0,19.4,1.0,0.0,1
39.7,126.0,1.0,28.1,1.0,0.0,0
37.8,236.0,4.0,24.2,1.0,14.6,0
21.5,138.0,0.0,22.7,2.0,16.0,0
50.4,234.0,1.0,42.8,0.0,7.1,0
39.6,54.0,2.0,25.8,2.0,11.1,0
67.8,246.0,0.0,13.0,0.0,0.0,0
33.0,42.0,2.0,17.3,2.0,26.8,0
58.4,280.0,2.0,26.8,0.0,21.7,0
37.0,284.0,0.0,18.7,1.0,0.0,0
47.2,169.0,5.0,17.9,0.0,31.7,0
35.5,79.0,1.0,15.0,2.0,5.2,0
45.5,216.0,1.0,22.9,1.0,1.5,0
55.8,218.0,0.0,24.2,0.0,0.0,0
32.2,99.0,1.0,18.1,2.0,0.9,0
50.5,1.0,2.0,27.8,1.0,0.0,0
34.6,263.0,0.0,23.6,1.0,0.0,0
27.8,267.0,3.0,23.9,1.0,1.0,1
36.1,216.0,1.0,16.8,1.0,9.4,0
47.1,267.0,0.0,21.2,0.0,0.0,0
77.0,133.0,2.0,16.4,0.0,6.5,0
39.2,72.0,0.0,14.9,2.0,0.0,0
16.1,202.0,0.0,15.7,2.0,13.0,0
49.2,8.0,3.0,31.3,1.0,0.0,1
51.5,137.0,3.0,22.6,1.0,23.0,1
35.0,208.0,2.0,14.9,1.0,9.0,0
58.3,239.0,0.0,22.0,0.0,0.0,0
47.9,166.0,5.0,31.3,0.0,11.0,1
29.5,210.0,0.0,27.4,2.0,11.2,1
48.5,17.0,3.0,17.5,1.0,0.0,0
47.8,65.0,2.0,26.6,1.0,0.0,0
51.8,222.0,6.0,18.3,0.0,1.9,1
25.7,115.0,1.0,25.6,2.0,26.3,0
33.7,128.0,2.0,7.2,2.0,16.4,0
43.0,277.0,0.0,19.2,0.0,8.4,0
29.5,80.0,0.0,20.6,2.0,0.0,0
33.7,105.0,1.0,32.6,2.0,0.0,0
34.1,40.0,2.0,24.7,2.0,36.6,0
44.1,132.0,3.0,21.8,1.0,19.5,1
69.2,314.0,4.0,21.8,0.0,13.3,1
39.4,38.0,1.0,21.8,2.0,5.1,0
64.0,85.0,3.0,13.8,0.0,36.7,1
28.4,129.0,2.0,26.2,2.0,30.5,0
45.3,173.0,1.0,27.2,1.0,1.6,0
77.7,286.0,0.0,6.2,0.0,11.8,0
49.4,90.0,3.0,14.8,1.0,33.1,0
21.4,160.0,0.0,16.6,2.0,7.3,0
16.1,76.0,0.0,15.4,3.0,0.0,1
14.2,234.0,0.0,34.3,2.0,17.3,0
38.2,195.0,0.0,26.8,1.0,0.0,0
18.5,172.0,0.0,32.8,2.0,23.0,0
39.1,255.0,0.0,15.0,1.0,4.6,0
18.8,159.0,0.0,21.5,2.0,0.0,0
66.2,183.0,1.0,17.4,0.0,7.3,0
35.1,130.0,4.0,21.3,1.0,6.2,1
25.4,115.0,0.0,9.6,2.0,1.2,0
50.0,163.0,3.0,29.2,0.0,21.5,1
25.9,238.0,1.0,16.3,1.0,0.0,0
58.7,239.0,0.0,20.5,0.0,0.0,0
10.3,247.0,0.0,9.0,2.0,8.6,0
36.7,194.0,3.0,23.2,1.0,10.3,0
30.0,345.0,0.0,30.2,1.0,10.8,1
9.2,268.0,0.0,14.1,2.0,29.7,0
50.8,290.0,0.0,27.9,0.0,0.0,0
42.1,288.0,2.0,24.2,0.0,5.7,1
31.9,84.0,0.0,21.6,2.0,0.3,0
34.3,278.0,3.0,31.5,1.0,21.2,0
29.3,177.0,5.0,21.3,1.0,18.2,0
34.3,209.0,0.0,4.2,1.0,0.0,0
39.4,66.0,1.0,30.0,2.0,0.0,0
36.4,78.0,1.0,24.7,2.0,8.3,1
56.5,197.0,4.0,14.2,0.0,12.9,1
76.9,218.0,2.0,21.1,0.0,17.2,0
40.7,270.0,0.0,16.4,1.0,0.0,0
79.8,268.0,0.0,12.7,0.0,14.0,0
35.8,99.0,3.0,27.1,2.0,29.0,0
16.9,187.0,0.0,13.4,2.0,21.0,0
36.0,44.0,0.0,10.1,2.0,0.0,0
62.1,253.0,0.0,20.6,0.0,12.8,0
25.3,103.0,1.0,24.8,2.0,24.4,0
26.2,154.0,0.0,28.5,2.0,0.8,0
33.2,174.0,3.0,5.2,1.0,10.1,0
41.6,126.0,4.0,13.1,1.0,17.5,1
38.3,387.0,1.0,1.2,0.0,6.3,1
56.3,270.0,0.0,20.1,0.0,4.3,0
15.6,152.0,0.0,42.7,3.0,2.8,1
31.4,227.0,1.0,1.0,1.0,0.0,0
30.4,1.0,3.0,16.0,2.0,26.3,1
30.0,97.0,0.0,27.7,2.0,0.0,0
17.1,231.0,0.0,18.0,2.0,19.5,0
35.5,194.0,3.0,17.8,1.0,16.2,0
53.0,340.0,4.0,21.1,0.0,0.1,1
40.0,200.0,0.0,18.0,1.0,8.5,1
58.8,167.0,4.0,19.2,0.0,19.7,1
24.5,129.0,0.0,21.0,2.0,11.8,0
21.5,192.0,0.0,1.0,2.0,8.0,1
25.8,114.0,1.0,22.7,2.0,29.8,0
25.8,147.0,0.0,29.5,2.0,0.0,0
40.8,267.0,0.0,18.1,1.0,10.8,0
26.3,88.0,1.0,32.3,2.0,28.5,0
62.1,1.0,5.0,27.2,1.0,4.2,0
35.9,115.0,2.0,27.4,2.0,16.4,0
49.6,288.0,5.0,12.6,0.0,0.0,1
35.9,26.0,2.0,11.4,2.0,40.1,1
48.6,294.0,3.0,15.3,0.0,26.9,0
52.3,103.0,3.0,23.2,1.0,35.4,1
42.7,13.0,3.0,8.9,2.0,30.0,0
48.8,213.0,2.0,14.6,0.0,3.1,0
60.7,249.0,1.0,25.3,0.0,6.1,0
54.0,226.0,2.0,20.7,0.0,24.5,0
49.0,209.0,2.0,8.2,0.0,11.9,0
19.3,164.0,1.0,17.8,2.0,47.6,0
28.5,124.0,0.0,6.4,2.0,0.0,1
53.9,11.0,3.0,25.9,1.0,3.3,0
36.5,39.0,1.0,20.6,2.0,0.5,0
31.2,99.0,0.0,21.3,2.0,0.0,0
49.6,16.0,2.0,18.3,1.0,0.0,0
33.5,330.0,0.0,24.1,1.0,21.5,1
40.5,30.0,1.0,13.9,2.0,4.0,0
59.9,421.0,0.0,20.4,0.0,19.7,1
25.7,254.0,0.0,16.2,2.0,12.6,1
51.0,222.0,1.0,7.9,0.0,14.1,0
52.5,272.0,1.0,13.0,0.0,7.6,0
78.0,266.0,0.0,19.1,0.0,5.2,0
34.3,394.0,0.0,12.3,0.0,9.8,1
33.3,105.0,0.0,17.8,2.0,0.0,0
12.8,207.0,0.0,11.5,3.0,25.6,0
43.9,8.0,0.0,27.3,2.0,0.0,0
29.8,181.0,0.0,19.7,2.0,18.4,1
50.1,142.0,3.0,22.5,1.0,20.4,1
9.1,225.0,0.0,18.6,3.0,12.8,0
41.5,264.0,1.0,16.5,1.0,3.8,0
40.6,60.0,1.0,23.8,1.0,0.0,0
27.6,140.0,0.0,12.1,2.0,15.9,0
22.0,128.0,0.0,17.3,2.0,0.0,1
44.7,151.0,4.0,16.5,1.0,20.4,0
27.9,133.0,4.0,24.5,2.0,3.7,1
65.4,214.0,1.0,18.2,0.0,16.6,0
22.2,263.0,0.0,19.0,2.0,5.1,0
53.0,1.0,2.0,25.1,1.0,0.0,0
27.9,118.0,0.0,27.4,2.0,0.0,0
41.2,25.0,2.0,23.6,2.0,12.8,0
51.9,31.0,1.0,15.7,1.0,50.5,1
33.0,342.0,0.0,28.1,1.0,19.3,1
34.9,84.0,3.0,31.7,2.0,20.0,0
48.6,229.0,1.0,14.2,0.0,14.7,0
42.2,54.0,2.0,9.2,1.0,1.2,0
47.5,1.0,3.0,13.1,1.0,7.5,0
71.6,244.0,1.0,25.7,0.0,24.0,0
31.0,284.0,5.0,21.4,1.0,0.0,1
36.3,113.0,1.0,21.1,1.0,0.0,0
39.2,206.0,5.0,18.5,1.0,7.4,1
38.3,39.0,3.0,20.7,2.0,26.9,1
53.7,303.0,0.0,23.9,0.0,0.0,0
49.4,174.0,1.0,36.8,1.0,3.8,0
41.7,183.0,1.0,25.5,1.0,0.0,0
22.8,125.0,0.0,17.0,2.0,5.8,0
27.2,188.0,0.0,26.0,2.0,0.0,0
46.3,216.0,2.0,12.5,1.0,15.3,0
48.3,291.0,0.0,27.4,0.0,1.4,0
23.8,217.0,0.0,26.6,2.0,17.9,1
16.9,107.0,1.0,13.8,3.0,3.5,1
70.3,299.0,0.0,25.6,0.0,0.0,0
52.9,227.0,1.0,20.8,0.0,20.4,0
55.5,199.0,3.0,28.6,0.0,27.5,0
60.6,292.0,0.0,12.3,0.0,10.6,0
67.2,208.0,1.0,15.7,0.0,7.2,0
26.4,125.0,0.0,21.3,2.0,0.3,1
41.4,268.0,0.0,21.3,1.0,0.0,0
34.1,278.0,3.0,25.9,1.0,24.8,0
66.4,253.0,0.0,18.1,0.0,6.7,0
63.9,243.0,2.0,24.0,0.0,20.4,0
62.3,248.0,0.0,20.0,0.0,8.6,0
41.9,56.0,2.0,23.5,1.0,0.0,0
33.2,311.0,0.0,27.3,1.0,19.1,1
19.3,260.0,0.0,17.5,2.0,27.1,1
65.2,241.0,0.0,21.8,0.0,9.1,0
61.6,240.0,0.0,14.8,0.0,12.9,0
32.5,57.0,1.0,13.5,2.0,9.5,0
35.4,79.0,0.0,34.0,2.0,0.0,0
40.5,122.0,4.0,26.9,1.0,20.8,1
5.6,240.0,0.0,4.4,3.0,22.3,0
3.5,70.0,0.0,23.1,3.0,0.0,1
43.6,254.0,2.0,23.8,0.0,12.7,0
61.1,247.0,0.0,25.8,0.0,0.9,0
35.5,128.0,1.0,16.0,1.0,4.3,0
48.3,30.0,2.0,27.6,1.0,43.4,1
21.3,160.0,0.0,12.8,2.0,0.0,0
31.3,83.0,1.0,9.5,2.0,9.5,0
82.3,258.0,4.0,20.5,0.0,30.9,1
19.0,195.0,0.0,24.4,2.0,0.0,0
58.1,246.0,0.0,20.0,0.0,0.9,0
45.3,14.0,1.0,8.7,1.0,0.0,0
37.8,52.0,2.0,19.2,2.0,24.4,0
26.7,101.0,3.0,16.5,2.0,0.0,1
26.6,111.0,4.0,28.6,2.0,10.6,1
18.5,207.0,0.0,15.9,2.0,13.8,0
45.9,1.0,3.0,33.2,2.0,35.0,1
60.6,212.0,0.0,14.9,0.0,0.0,0
26.9,86.0,0.0,36.2,2.0,0.0,0
20.7,129.0,0.0,26.6,2.0,21.3,0
52.4,233.0,0.0,22.9,0.0,0.0,0
61.2,210.0,1.0,33.1,0.0,4.5,0
59.2,216.0,2.0,33.8,0.0,10.7,0
56.6,130.0,3.0,21.6,0.0,25.8,1
14.3,212.0,0.0,23.1,2.0,32.8,0
28.8,332.0,3.0,14.9,1.0,2.6,1
25.5,133.0,0.0,9.3,2.0,0.0,0
31.9,233.0,1.0,14.1,1.0,0.0,1
31.1,100.0,1.0,11.9,2.0,17.5,0
27.0,144.0,1.0,25.8,2.0,15.6,0
28.2,1.0,2.0,24.8,3.0,34.3,1
35.3,1.0,0.0,29.0,2.0,39.2,1
16.6,135.0,0.0,31.9,3.0,7.4,1
41.7,384.0,2.0,10.4,0.0,0.1,1
16.8,199.0,0.0,11.9,2.0,16.6,0
56.0,153.0,3.0,23.5,0.0,25.1,1
60.7,317.0,6.0,31.2,0.0,4.9,1
29.1,308.0,3.0,25.9,1.0,0.0,1
48.7,1.0,2.0,25.0,1.0,0.0,0
21.6,176.0,0.0,21.9,2.0,0.0,0
20.9,184.0,2.0,21.2,2.0,0.0,1
29.5,79.0,1.0,29.7,2.0,16.9,1
15.0,179.0,0.0,22.0,3.0,0.0,0
29.7,234.0,2.0,30.0,1.0,1.6,0
27.5,179.0,0.0,8.8,2.0,10.6,1
25.6,1.0,2.0,26.3,3.0,37.3,1
40.5,43.0,2.0,16.8,2.0,9.4,0
41.4,73.0,1.0,19.1,1.0,0.0,0
21.0,199.0,2.0,14.9,2.0,3.3,1
30.9,92.0,1.0,6.1,2.0,20.9,0
56.3,263.0,0.0,7.0,0.0,3.1,0
24.1,189.0,5.0,20.8,1.0,0.0,1
47.2,99.0,4.0,12.8,1.0,23.7,1
9.2,229.0,0.0,9.7,3.0,37.4,0
34.6,164.0,0.0,23.4,1.0,0.0,0
27.3,135.0,1.0,20.4,2.0,21.1,0
38.2,58.0,1.0,25.6,2.0,0.0,0
51.3,253.0,1.0,21.5,0.0,6.6,0
44.7,260.0,0.0,8.9,0.0,0.0,0
50.4,282.0,0.0,15.1,0.0,0.0,0
56.9,238.0,6.0,12.0,0.0,9.9,1
22.9,157.0,1.0,36.1,2.0,36.1,0
35.5,104.0,1.0,29.6,2.0,0.0,0
48.6,29.0,2.0,16.4,1.0,0.0,0
42.2,256.0,0.0,31.5,1.0,0.0,0
44.0,56.0,3.0,12.7,1.0,27.2,1
70.2,198.0,0.0,20.9,0.0,0.0,0
36.6,55.0,1.0,15.0,2.0,3.1,0
57.2,225.0,2.0,22.2,0.0,19.3,0
23.7,115.0,1.0,33.7,2.0,32.6,0
40.6,311.0,2.0,16.9,0.0,18.3,1
47.3,286.0,0.0,8.9,0.0,0.0,0
47.2,50.0,0.0,23.7,1.0,0.0,0
42.2,77.0,2.0,5.5,1.0,31.0,1
39.9,44.0,1.0,24.6,2.0,0.0,0
31.7,242.0,0.0,25.2,2.0,21.1,1
48.5,187.0,4.0,22.2,0.0,18.6,1
57.7,193.0,4.0,35.2,0.0,19.3,1
29.8,99.0,0.0,26.0,2.0,8.4,0
21.2,157.0,1.0,15.1,2.0,0.0,1
23.7,181.0,1.0,32.2,2.0,28.6,0
44.0,172.0,1.0,9.7,1.0,8.2,1
43.6,248.0,0.0,21.0,1.0,0.0,0
48.0,107.0,2.0,19.2,1.0,30.4,1
34.9,196.0,1.0,18.5,1.0,3.3,0
45.1,362.0,1.0,10.5,0.0,12.7,1
42.6,296.0,3.0,36.1,0.0,0.0,1
47.4,455.0,6.0,10.1,0.0,5.5,1
67.3,65.0,2.0,14.3,0.0,44.5,1
73.4,247.0,1.0,26.0,0.0,8.5,0
12.7,110.0,4.0,21.6,2.0,0.0,1
30.0,112.0,0.0,24.8,2.0,0.0,0
20.8,227.0,3.0,1.0,2.0,9.1,0
21.2,196.0,0.0,26.6,2.0,16.0,1
41.8,182.0,2.0,14.0,1.0,0.0,1
11.0,265.0,0.0,20.9,2.0,0.0,0
68.8,236.0,2.0,2.0,0.0,24.4,0
32.1,228.0,3.0,32.7,1.0,0.0,0
35.3,310.0,0.0,17.8,1.0,10.9,1
13.6,237.0,0.0,14.3,2.0,10.9,0
41.5,284.0,4.0,20.4,0.0,0.0,1
88.3,313.0,0.0,17.6,0.0,0.0,0
30.3,99.0,2.0,32.0,2.0,24.9,0
44.9,212.0,0.0,15.8,1.0,0.7,0
44.9,33.0,1.0,27.5,1.0,0.0,0
52.0,259.0,0.0,21.7,0.0,0.0,0
47.4,172.0,3.0,27.0,1.0,12.5,0
32.8,97.0,0.0,9.0,2.0,2.9,0
45.1,61.0,3.0,17.7,1.0,37.0,1
42.3,328.0,1.0,6.6,0.0,6.1,1
43.7,246.0,2.0,19.2,0.0,0.0,1
48.4,1.0,3.0,34.7,2.0,38.6,1
66.5,272.0,0.0,28.3,0.0,0.0,0
33.2,221.0,4.0,23.4,1.0,21.9,0
21.5,167.0,0.0,23.9,2.0,18.6,0
8.0,251.0,0.0,26.5,3.0,11.5,0
37.0,88.0,1.0,16.3,2.0,0.0,0
39.6,250.0,0.0,32.7,1.0,0.0,0
24.8,238.0,0.0,19.8,2.0,0.0,1
13.7,207.0,0.0,13.5,3.0,0.0,0
52.3,213.0,0.0,29.8,0.0,0.0,0
21.6,173.0,1.0,29.7,2.0,5.4,1
54.6,246.0,0.0,35.9,0.0,0.0,0
27.9,116.0,0.0,15.3,2.0,0.0,0
35.9,197.0,1.0,9.8,1.0,0.8,0
54.1,266.0,0.0,13.9,0.0,0.0,0
39.0,94.0,3.0,10.3,1.0,22.8,1
35.5,298.0,1.0,18.3,1.0,5.1,1
60.7,273.0,0.0,17.6,0.0,0.2,0
37.5,55.0,2.0,29.4,2.0,14.1,0
38.4,109.0,1.0,26.0,1.0,0.0,0
67.3,222.0,4.0,29.9,0.0,25.8,1
51.0,258.0,2.0,26.5,0.0,12.4,0
60.8,296.0,0.0,21.7,0.0,0.0,0
52.9,181.0,6.0,13.6,0.0,13.2,1
54.1,133.0,5.0,19.5,0.0,22.7,1
26.3,203.0,3.0,19.0,1.0,5.1,0
13.5,177.0,1.0,16.2,2.0,0.0,1
35.7,248.0,1.0,10.5,1.0,0.0,0
36.0,252.0,0.0,18.3,1.0,18.0,1
53.7,202.0,5.0,28.2,0.0,18.6,1
36.2,59.0,0.0,25.1,2.0,0.0,0
25.8,142.0,1.0,27.5,2.0,16.8,0
46.3,45.0,3.0,24.7,1.0,6.7,0
58.8,322.0,5.0,22.8,0.0,1.4,1
67.6,249.0,0.0,27.6,0.0,0.0,0
50.6,1.0,1.0,18.4,1.0,0.0,0
36.4,194.0,4.0,23.6,1.0,23.8,0
23.1,192.0,3.0,11.6,2.0,14.7,0
30.4,112.0,0.0,1.0,2.0,0.0,0
69.1,176.0,4.0,8.8,0.0,29.5,1
55.9,50.0,3.0,20.5,1.0,41.8,1
24.4,168.0,1.0,31.6,2.0,9.7,0
34.3,90.0,2.0,33.6,2.0,21.2,0
60.8,72.0,3.0,20.0,0.0,32.7,1
47.4,94.0,2.0,20.5,1.0,34.7,1
53.8,114.0,4.0,12.2,0.0,26.6,1
57.8,62.0,2.0,19.3,1.0,42.7,1
55.2,271.0,0.0,17.7,0.0,0.0,0
43.4,96.0,2.0,21.2,1.0,28.6,1
59.1,115.0,3.0,17.8,0.0,34.1,1
26.0,117.0,0.0,16.5,2.0,1.6,0
12.9,208.0,0.0,3.9,3.0,10.0,0
33.4,63.0,3.0,13.4,2.0,27.3,1
49.6,227.0,2.0,24.8,0.0,8.3,0
45.4,44.0,4.0,21.2,1.0,20.2,0
33.3,58.0,0.0,1.0,2.0,0.3,0
31.0,45.0,3.0,10.6,2.0,24.6,1
22.7,241.0,4.0,32.8,1.0,23.9,1
40.9,231.0,0.0,17.6,1.0,0.0,0
25.5,145.0,0.0,15.1,2.0,3.6,0
8.6,260.0,0.0,10.9,3.0,15.1,0
23.8,101.0,0.0,19.7,2.0,22.1,0
16.5,185.0,0.0,18.8,2.0,15.3,0
62.8,455.0,3.0,32.2,0.0,10.7,1
37.2,294.0,0.0,31.6,1.0,29.7,1
45.1,249.0,0.0,14.6,1.0,0.0,0
35.0,152.0,4.0,18.5,1.0,1.4,1
56.1,207.0,0.0,21.6,0.0,0.0,0
37.2,280.0,0.0,20.6,1.0,1.7,1
41.9,39.0,1.0,29.7,2.0,0.0,0
53.0,225.0,0.0,19.1,0.0,6.4,0
32.1,92.0,1.0,19.0,2.0,23.9,0
27.6,268.0,0.0,3.4,1.0,0.0,0
35.7,70.0,2.0,24.2,2.0,12.8,1
51.7,221.0,5.0,24.9,0.0,36.1,0
48.3,202.0,0.0,6.8,1.0,0.0,0
54.0,244.0,1.0,22.0,0.0,6.6,0
30.7,334.0,2.0,7.2,1.0,13.4,1
41.9,96.0,2.0,3.4,1.0,1.7,0
52.0,304.0,0.0,21.7,0.0,0.0,0
44.5,51.0,3.0,21.5,1.0,36.3,1
71.1,239.0,0.0,18.5,0.0,0.0,0
7.9,115.0,1.0,29.3,3.0,0.0,1
67.1,315.0,0.0,19.8,0.0,4.8,0
8.7,88.0,1.0,14.1,3.0,0.0,1
11.4,234.0,0.0,31.3,2.0,11.9,0
68.7,299.0,0.0,24.4,0.0,17.0,0
7.7,62.0,0.0,26.6,4.0,0.8,1
35.3,223.0,1.0,13.5,1.0,5.0,0
52.8,122.0,5.0,7.4,0.0,21.6,1
36.9,223.0,4.0,17.7,1.0,21.0,0
31.1,271.0,0.0,12.7,1.0,0.0,0
59.8,223.0,3.0,15.5,0.0,29.2,0
62.3,274.0,0.0,24.1,0.0,0.0,0
25.5,126.0,2.0,21.7,2.0,38.1,0
52.8,216.0,2.0,18.3,0.0,13.8,0
33.4,191.0,3.0,27.0,1.0,2.0,0
65.1,223.0,2.0,13.4,0.0,21.5,0
15.2,187.0,0.0,20.6,3.0,13.8,0
23.6,133.0,0.0,9.6,2.0,0.0,0
60.4,257.0,1.0,17.4,0.0,11.7,0
43.8,104.0,4.0,35.3,1.0,15.9,1
63.5,198.0,3.0,32.8,0.0,25.0,1
31.3,96.0,0.0,27.1,2.0,6.1,0
40.5,39.0,0.0,13.6,2.0,0.0,0
49.3,268.0,0.0,12.3,0.0,0.0,0
45.3,214.0,3.0,25.5,0.0,12.9,0
35.4,307.0,0.0,25.3,1.0,23.0,1
33.5,298.0,1.0,16.9,1.0,14.8,1
49.0,211.0,5.0,11.1,0.0,8.4,1
52.6,238.0,0.0,1.0,0.0,0.0,0
29.5,163.0,0.0,22.3,2.0,0.0,1
19.2,178.0,0.0,14.3,2.0,22.9,1
69.2,259.0,0.0,23.9,0.0,3.4,1
48.4,206.0,4.0,8.1,0.0,8.2,1
49.7,222.0,3.0,11.7,0.0,31.6,0
58.9,263.0,0.0,28.4,0.0,0.0,0
20.6,167.0,1.0,28.0,2.0,41.6,0
10.9,225.0,0.0,23.0,3.0,38.8,0
70.3,200.0,0.0,30.1,0.0,0.0,0
52.6,226.0,6.0,4.6,0.0,5.9,1
10.6,99.0,3.0,21.4,3.0,0.0,1
52.6,263.0,1.0,25.5,0.0,2.3,0
59.4,253.0,0.0,19.2,0.0,3.4,0
39.6,308.0,0.0,17.3,1.0,0.0,0
17.2,162.0,0.0,21.1,3.0,41.7,0
60.0,90.0,5.0,31.1,0.0,21.9,1
39.9,65.0,1.0,24.7,1.0,0.0,0
33.0,233.0,0.0,32.4,1.0,3.6,1
54.9,1.0,3.0,15.3,1.0,0.0,0
59.3,220.0,4.0,21.2,0.0,28.9,0
34.0,69.0,1.0,11.1,2.0,9.5,0
28.6,40.0,0.0,23.3,2.0,0.0,1
24.3,125.0,0.0,38.8,2.0,0.0,0
29.3,268.0,3.0,20.7,1.0,7.1,0
56.7,197.0,0.0,14.8,0.0,0.0,0
31.7,104.0,0.0,31.2,2.0,7.2,0
51.5,192.0,0.0,26.7,0.0,1.3,0
41.0,25.0,1.0,22.3,2.0,0.0,0
44.3,92.0,2.0,7.4,1.0,0.0,0
27.7,291.0,1.0,24.8,1.0,0.9,0
43.7,9.0,1.0,18.4,2.0,0.0,0
32.2,102.0,1.0,27.3,2.0,17.4,0
25.5,119.0,1.0,22.7,2.0,15.8,0
22.9,188.0,0.0,20.4,2.0,0.0,0
68.9,251.0,0.0,25.1,0.0,0.0,0
37.2,105.0,1.0,12.4,1.0,0.0,0
51.3,187.0,1.0,11.5,0.0,6.3,0
58.2,252.0,2.0,23.6,0.0,11.2,0
44.5,276.0,0.0,17.6,0.0,2.5,0
62.5,231.0,1.0,25.5,0.0,5.0,0
42.3,132.0,3.0,7.6,1.0,21.4,1
66.1,253.0,0.0,21.4,0.0,0.0,0
32.6,27.0,2.0,25.1,2.0,37.5,1
51.4,239.0,0.0,9.1,0.0,6.5,0
29.0,164.0,0.0,15.8,2.0,0.0,0
27.9,162.0,0.0,30.3,2.0,0.0,0
9.4,209.0,0.0,15.6,3.0,20.7,0
36.4,63.0,2.0,22.4,2.0,12.6,0
44.3,34.0,1.0,13.0,1.0,0.0,0
43.0,88.0,4.0,28.7,1.0,14.9,1
58.8,182.0,5.0,25.4,0.0,37.9,0
27.4,306.0,1.0,21.6,1.0,0.0,0
32.6,127.0,1.0,18.9,2.0,15.5,0
71.4,168.0,4.0,14.6,0.0,36.8,1
54.4,262.0,5.0,14.8,0.0,8.2,1
39.4,56.0,3.0,7.1,2.0,32.7,1
36.8,321.0,1.0,26.6,1.0,4.2,1
53.1,216.0,5.0,18.2,0.0,9.3,1
18.6,194.0,0.0,11.5,2.0,2.2,0
38.5,76.0,2.0,15.6,2.0,6.7,0
31.3,265.0,1.0,20.7,1.0,5.4,0
27.2,144.0,1.0,24.3,2.0,12.4,0
4.7,215.0,0.0,20.2,3.0,43.4,0
23.4,249.0,0.0,11.9,2.0,11.2,1
16.3,216.0,0.0,35.9,2.0,16.7,1
59.3,90.0,3.0,12.4,0.0,36.5,1
51.5,263.0,2.0,9.3,0.0,13.7,0
13.3,244.0,0.0,28.0,2.0,16.9,0
55.7,280.0,5.0,6.8,0.0,5.4,1
43.3,65.0,2.0,33.1,1.0,0.0,0
29.1,131.0,0.0,16.0,2.0,0.0,0
46.1,200.0,3.0,24.0,0.0,10.1,0
69.9,263.0,0.0,23.5,0.0,0.0,0
61.7,194.0,0.0,27.8,0.0,3.1,0
55.8,221.0,3.0,24.0,0.0,19.0,0
44.3,354.0,1.0,28.6,0.0,12.8,1
13.7,223.0,0.0,26.1,2.0,1.5,0
40.0,204.0,3.0,38.6,1.0,14.2,0
31.0,137.0,1.0,24.2,2.0,1.8,0
43.3,325.0,0.0,24.8,1.0,28.4,1
58.1,212.0,1.0,24.2,0.0,15.9,0
63.0,166.0,2.0,26.0,0.0,10.0,0
46.5,182.0,2.0,21.2,1.0,3.3,0
44.3,393.0,6.0,32.0,0.0,0.0,1
23.2,148.0,0.0,1.0,2.0,0.8,0
32.9,95.0,4.0,13.7,2.0,12.9,1
23.6,177.0,0.0,26.6,2.0,21.9,0
41.5,150.0,3.0,9.3,1.0,21.9,1
42.2,301.0,0.0,26.6,0.0,0.0,0
36.7,109.0,2.0,21.8,1.0,13.4,0
13.6,209.0,0.0,15.1,3.0,22.4,0
39.9,1.0,1.0,19.7,2.0,44.5,1
28.8,257.0,1.0,27.2,1.0,4.4,1
36.6,254.0,1.0,6.9,1.0,0.0,1
53.8,133.0,4.0,9.8,0.0,28.6,1
61.9,1.0,3.0,14.9,1.0,0.0,0
31.5,136.0,1.0,25.3,2.0,6.7,0
32.2,83.0,2.0,12.0,2.0,22.2,0
55.5,290.0,0.0,28.7,0.0,10.8,0
27.0,148.0,0.0,25.2,2.0,3.2,0
30.8,128.0,0.0,14.3,2.0,0.0,0
44.9,290.0,0.0,18.9,0.0,0.0,0
35.8,239.0,3.0,16.1,1.0,25.6,0
20.0,134.0,0.0,13.3,2.0,8.1,0
36.0,104.0,2.0,23.9,2.0,11.6,0
27.8,143.0,1.0,14.1,2.0,10.2,0
56.3,125.0,4.0,25.8,0.0,25.6,1
47.1,52.0,3.0,24.4,1.0,26.7,1
31.3,108.0,1.0,28.6,2.0,17.5,0
60.3,309.0,0.0,17.7,0.0,1.8,0
43.0,83.0,1.0,15.0,1.0,0.0,0
44.1,270.0,0.0,26.0,0.0,3.2,0
49.4,236.0,1.0,37.2,0.0,6.2,0
63.3,43.0,2.0,7.0,1.0,42.3,1
40.3,198.0,2.0,23.8,1.0,3.8,0
47.1,216.0,4.0,17.9,0.0,14.7,1
42.7,251.0,3.0,18.8,0.0,25.7,0
48.1,1.0,3.0,14.6,1.0,7.7,0
18.0,185.0,0.0,20.8,2.0,8.0,1
58.9,227.0,0.0,18.0,0.0,0.0,0
30.6,85.0,0.0,15.4,2.0,0.0,0
46.6,32.0,2.0,24.6,1.0,0.0,0
29.7,254.0,0.0,27.9,1.0,14.3,1
52.9,171.0,4.0,32.3,0.0,24.4,1
30.4,178.0,1.0,14.7,2.0,0.0,0
42.2,286.0,3.0,9.1,0.0,0.0,1
68.5,227.0,2.0,14.3,0.0,27.1,0
28.4,243.0,3.0,16.3,1.0,0.0,1
53.8,273.0,1.0,12.9,0.0,14.1,0
28.5,278.0,0.0,18.3,1.0,0.0,0
59.6,150.0,4.0,12.3,0.0,25.2,1
23.3,261.0,3.0,20.2,1.0,18.4,0
69.7,240.0,5.0,17.6,0.0,14.8,1
41.8,48.0,1.0,1.4,1.0,0.0,0
24.9,170.0,1.0,5.3,2.0,23.1,0
43.1,290.0,1.0,13.1,0.0,10.8,0
52.2,26.0,2.0,1.0,1.0,0.0,0
53.0,271.0,0.0,22.9,0.0,0.8,0
31.6,132.0,0.0,13.7,2.0,0.0,0
56.3,268.0,0.0,26.3,0.0,13.8,0
48.3,1.0,2.0,21.7,2.0,48.5,1
31.6,89.0,4.0,27.9,2.0,10.9,1
72.4,244.0,0.0,27.5,0.0,0.0,0
28.9,135.0,0.0,28.6,2.0,6.2,0
48.2,192.0,1.0,21.4,1.0,5.1,0
8.0,250.0,0.0,33.6,3.0,25.9,0
29.8,77.0,0.0,12.8,2.0,0.0,0
53.0,259.0,0.0,39.3,0.0,0.0,0
58.7,216.0,3.0,20.4,0.0,26.9,0
64.7,249.0,4.0,6.5,0.0,22.8,1
28.1,148.0,0.0,27.6,2.0,0.0,0
43.3,207.0,2.0,21.6,1.0,6.8,0
46.7,19.0,3.0,19.2,1.0,22.0,0
39.6,241.0,0.0,14.9,1.0,0.0,0
65.2,265.0,1.0,26.1,0.0,17.1,0
38.3,88.0,0.0,18.4,1.0,0.0,0
37.2,110.0,2.0,32.0,1.0,5.3,0
35.6,216.0,3.0,29.7,1.0,10.5,0
26.2,164.0,1.0,10.4,2.0,16.3,0
9.4,208.0,0.0,15.6,3.0,0.1,1
60.6,239.0,3.0,27.0,0.0,21.4,0
52.9,49.0,2.0,2.4,1.0,0.0,0
55.7,1.0,3.0,19.8,1.0,0.0,0
25.8,206.0,0.0,20.7,2.0,7.1,1
33.1,1.0,1.0,26.8,3.0,46.9,1
63.1,263.0,0.0,19.7,0.0,0.0,0
41.0,17.0,2.0,29.7,2.0,34.3,1
38.7,260.0,0.0,22.0,1.0,8.4,1
19.6,158.0,0.0,24.0,2.0,13.4,0
57.2,195.0,3.0,14.3,0.0,12.2,0
27.9,127.0,0.0,13.8,2.0,0.0,0
21.7,148.0,0.0,23.6,2.0,16.1,0
45.3,249.0,7.0,32.8,0.0,0.0,1
56.8,166.0,3.0,15.1,0.0,32.7,1
43.8,11.0,2.0,23.7,2.0,0.0,0
26.4,251.0,0.0,8.8,1.0,1.6,1
41.9,251.0,1.0,19.8,1.0,4.3,1
33.3,264.0,0.0,24.9,1.0,12.2,1
51.7,33.0,2.0,17.8,1.0,0.0,0
61.4,234.0,0.0,26.4,0.0,0.0,0
54.8,236.0,0.0,23.2,0.0,0.7,0
37.0,29.0,1.0,25.5,2.0,0.8,0
23.3,151.0,0.0,25.2,2.0,0.0,0
54.8,293.0,0.0,7.8,0.0,0.2,0
54.3,267.0,2.0,8.0,0.0,14.1,0
32.6,104.0,1.0,18.5,2.0,0.0,0
10.6,117.0,0.0,6.9,3.0,5.7,1
6.2,89.0,0.0,24.1,4.0,17.5,1
10.2,232.0,0.0,26.3,3.0,15.5,1
35.4,85.0,0.0,19.5,2.0,0.0,0
45.0,1.0,1.0,24.7,2.0,0.0,0
65.6,211.0,1.0,19.1,0.0,6.9,0
66.2,294.0,0.0,26.2,0.0,0.0,0
43.3,85.0,1.0,10.4,1.0,0.0,0
43.1,152.0,3.0,28.5,1.0,24.0,1
71.7,267.0,0.0,28.2,0.0,0.0,0
17.3,170.0,0.0,17.6,2.0,11.5,0
55.2,136.0,3.0,17.1,0.0,32.2,1
75.4,195.0,2.0,20.7,0.0,14.4,0
57.3,256.0,0.0,15.8,0.0,0.0,0
11.8,241.0,0.0,22.5,2.0,0.8,0
40.3,69.0,1.0,23.2,1.0,0.0,0
66.8,401.0,2.0,21.4,0.0,15.8,1
27.8,108.0,0.0,13.4,2.0,0.0,0
33.8,352.0,3.0,20.2,0.0,3.2,1
43.0,76.0,1.0,30.8,1.0,0.0,0
26.3,155.0,1.0,22.2,2.0,21.2,0
58.1,83.0,3.0,25.8,1.0,32.9,1
52.6,299.0,0.0,33.1,0.0,0.0,0
36.2,84.0,2.0,16.5,2.0,22.0,0
47.4,46.0,3.0,27.8,1.0,0.0,0
26.0,246.0,4.0,9.5,1.0,24.0,0
56.9,232.0,6.0,26.3,0.0,5.3,1
14.0,218.0,0.0,26.4,2.0,17.2,0
32.1,310.0,0.0,6.3,1.0,12.4,1
42.4,269.0,0.0,9.7,1.0,1.5,1
43.6,59.0,2.0,29.9,1.0,0.0,1
57.3,240.0,1.0,27.0,0.0,10.2,0
35.3,218.0,1.0,19.2,1.0,10.0,1
58.9,179.0,0.0,32.0,0.0,7.9,0
34.1,82.0,0.0,19.8,2.0,0.0,0
45.4,1.0,2.0,22.0,2.0,40.0,0
28.8,164.0,1.0,27.3,2.0,0.0,0
45.0,215.0,3.0,20.4,1.0,27.5,0
33.4,239.0,1.0,24.6,1.0,2.7,0
50.3,206.0,1.0,22.8,0.0,3.0,0
28.6,132.0,0.0,29.3,2.0,0.0,0
21.2,189.0,0.0,18.5,2.0,5.5,0
40.1,220.0,0.0,16.0,1.0,0.0,0
10.0,236.0,0.0,13.1,3.0,13.5,0
34.6,192.0,0.0,28.7,2.0,11.3,1
54.4,177.0,4.0,7.5,0.0,14.8,1
34.7,70.0,1.0,10.5,2.0,3.0,0
26.1,102.0,1.0,18.9,2.0,21.7,0
17.2,195.0,3.0,20.8,2.0,3.4,0
28.5,179.0,0.0,31.9,2.0,2.4,0
39.6,80.0,3.0,33.3,1.0,26.7,1
1.1,50.0,0.0,13.6,4.0,4.2,1
36.3,364.0,2.0,18.8,0.0,0.7,1
28.7,96.0,0.0,16.3,2.0,8.4,0
40.1,75.0,1.0,15.1,1.0,0.0,0
51.7,98.0,2.0,29.0,1.0,34.9,1
19.6,146.0,0.0,19.7,2.0,23.7,0
34.3,160.0,5.0,24.8,1.0,20.8,0
18.5,178.0,0.0,19.5,2.0,0.0,0
26.2,140.0,0.0,23.3,2.0,3.4,0
24.2,255.0,1.0,11.7,1.0,2.4,1
42.5,297.0,0.0,23.3,0.0,0.0,0
17.9,173.0,0.0,29.0,2.0,2.8,1
24.8,147.0,0.0,9.1,2.0,0.0,0
50.3,249.0,0.0,19.8,0.0,0.0,0
35.8,32.0,2.0,22.6,2.0,32.5,0
51.0,90.0,3.0,28.9,1.0,27.4,1
49.9,168.0,4.0,19.8,0.0,21.9,1
40.0,106.0,2.0,23.1,1.0,32.9,1
22.5,136.0,0.0,9.0,2.0,6.9,0
57.5,203.0,2.0,31.9,0.0,6.3,0
31.0,56.0,3.0,25.1,2.0,40.4,0
59.8,106.0,3.0,11.7,0.0,33.6,1
38.8,327.0,1.0,22.1,0.0,7.3,0
48.2,245.0,0.0,28.5,0.0,0.0,0
49.0,242.0,0.0,9.3,0.0,1.8,0
43.7,297.0,0.0,26.4,0.0,7.8,0
64.9,236.0,0.0,27.4,0.0,4.1,0
37.3,62.0,2.0,23.6,2.0,14.1,0
61.8,261.0,3.0,19.7,0.0,29.3,0
35.9,206.0,3.0,10.4,1.0,20.9,0
0.1,290.0,0.0,5.0,3.0,31.7,0
0.8,238.0,0.0,22.3,3.0,24.0,0
42.7,148.0,1.0,22.7,1.0,13.0,0
67.8,194.0,0.0,22.8,0.0,0.0,0
32.6,91.0,2.0,35.8,2.0,15.4,0
72.8,200.0,0.0,12.6,0.0,0.0,0
48.9,104.0,3.0,13.9,1.0,24.9,1
32.8,91.0,1.0,16.2,2.0,12.0,0
34.1,59.0,1.0,32.0,2.0,0.0,0
27.5,121.0,0.0,3.5,2.0,1.8,0
24.1,143.0,1.0,20.1,2.0,23.4,0
43.4,23.0,1.0,9.4,2.0,0.0,0
10.9,249.0,0.0,19.3,2.0,2.0,0
49.2,144.0,4.0,23.2,1.0,16.8,1
30.0,130.0,0.0,14.6,2.0,3.2,1
69.2,241.0,6.0,12.2,0.0,4.6,1
44.2,93.0,4.0,12.1,1.0,21.3,1
63.9,234.0,4.0,16.8,0.0,23.9,0
23.1,152.0,0.0,21.7,2.0,0.0,0
36.0,261.0,0.0,24.1,1.0,25.0,1
48.3,157.0,3.0,9.3,1.0,20.8,0
8.7,178.0,0.0,16.4,3.0,28.2,0
49.2,165.0,5.0,27.8,0.0,7.7,1
23.1,203.0,0.0,6.2,2.0,2.5,0
21.3,142.0,0.0,23.0,2.0,0.0,0
38.7,77.0,1.0,29.5,2.0,0.0,0
38.7,99.0,1.0,18.8,1.0,0.0,0
46.9,269.0,0.0,10.4,0.0,0.0,0
37.6,286.0,0.0,23.0,1.0,7.6,0
21.5,196.0,0.0,39.1,2.0,0.5,1
59.0,276.0,0.0,26.6,0.0,0.0,0
32.2,96.0,0.0,29.1,2.0,0.5,0
40.5,129.0,4.0,31.8,1.0,20.8,1
25.4,172.0,1.0,7.7,2.0,27.2,0
35.0,79.0,2.0,14.2,2.0,15.2,0
21.0,137.0,2.0,13.1,2.0,48.8,0
27.7,134.0,0.0,24.5,2.0,0.0,0
41.1,305.0,1.0,26.8,0.0,9.0,1
27.2,226.0,2.0,29.2,1.0,0.0,1
29.7,114.0,1.0,14.1,2.0,21.4,0
54.3,249.0,1.0,22.3,0.0,7.9,0
72.3,284.0,0.0,11.7,0.0,0.0,0
9.3,159.0,0.0,15.8,3.0,4.6,0
68.1,216.0,0.0,23.1,0.0,0.0,0
17.3,157.0,0.0,39.3,2.0,0.7,0
50.8,259.0,1.0,26.0,0.0,16.3,0
62.2,228.0,0.0,31.4,0.0,0.0,0
27.3,159.0,0.0,17.9,2.0,7.5,0
60.3,105.0,3.0,20.2,0.0,27.7,1
21.3,143.0,0.0,12.0,2.0,17.4,0
53.3,309.0,0.0,5.4,0.0,5.3,0
42.2,232.0,1.0,27.7,1.0,8.7,0
56.1,309.0,0.0,25.5,0.0,4.3,1
32.5,81.0,2.0,20.5,2.0,15.9,0
50.1,251.0,0.0,13.0,0.0,0.0,0
60.1,280.0,5.0,15.0,0.0,14.6,1
16.3,178.0,3.0,14.1,2.0,0.0,1
55.6,233.0,0.0,6.6,0.0,0.0,0
52.7,68.0,1.0,12.8,1.0,0.0,0
21.0,147.0,0.0,21.3,2.0,15.2,0
14.6,189.0,0.0,7.7,3.0,11.2,0
26.1,180.0,2.0,19.8,2.0,28.7,0
68.7,244.0,0.0,21.4,0.0,0.0,0
54.8,346.0,1.0,14.5,0.0,9.7,1
33.9,337.0,0.0,14.5,1.0,23.5,1
19.1,152.0,0.0,16.8,2.0,19.4,0
33.2,100.0,1.0,20.0,2.0,7.5,0
14.6,193.0,0.0,14.7,2.0,20.1,0
25.2,113.0,1.0,20.4,2.0,20.8,0
35.5,60.0,1.0,8.5,2.0,0.0,0
56.0,82.0,3.0,25.5,1.0,39.5,1
30.5,124.0,1.0,35.4,2.0,1.0,0
45.7,43.0,2.0,27.0,1.0,4.0,0
45.2,205.0,5.0,9.9,0.0,11.2,1
59.7,451.0,2.0,5.7,0.0,11.9,1
45.6,258.0,1.0,20.2,0.0,0.0,0
43.2,60.0,3.0,23.2,1.0,20.4,1
58.8,227.0,5.0,24.4,0.0,8.6,1
39.7,234.0,0.0,13.6,1.0,0.0,0
17.3,215.0,0.0,32.6,2.0,7.4,1
54.4,215.0,0.0,10.3,0.0,0.0,0
36.4,74.0,1.0,1.0,2.0,0.0,0
69.0,216.0,4.0,14.0,0.0,20.6,1
23.9,178.0,0.0,14.0,2.0,5.4,0
33.8,96.0,0.0,23.8,2.0,4.8,0
67.9,276.0,0.0,32.8,0.0,16.5,0
6.4,219.0,0.0,15.2,3.0,9.0,0
58.5,255.0,0.0,22.1,0.0,0.0,0
22.9,217.0,0.0,13.7,2.0,8.1,1
54.2,196.0,3.0,6.5,0.0,23.3,0
43.7,90.0,2.0,14.3,1.0,0.0,0
40.5,1.0,1.0,24.6,2.0,40.1,1
39.7,224.0,1.0,14.2,1.0,10.1,1
18.8,191.0,0.0,33.4,2.0,0.0,0
26.7,141.0,0.0,14.0,2.0,0.0,0
49.9,203.0,4.0,20.5,0.0,21.0,0
37.2,29.0,1.0,11.2,2.0,1.7,0
29.1,326.0,1.0,19.8,1.0,4.4,0
27.4,280.0,3.0,18.2,1.0,8.4,0
47.5,217.0,3.0,19.3,0.0,24.6,0
24.9,162.0,1.0,22.3,2.0,22.7,0
61.8,233.0,0.0,16.4,0.0,10.1,0
54.3,131.0,4.0,24.3,0.0,26.7,1
56.2,146.0,5.0,28.9,0.0,11.6,1
57.4,253.0,3.0,30.1,0.0,19.6,1
47.8,66.0,3.0,28.5,1.0,29.2,1
55.5,44.0,3.0,17.3,1.0,39.2,1
16.0,1.0,5.0,21.2,3.0,13.3,1
52.0,212.0,0.0,14.9,0.0,1.3,0
57.3,253.0,2.0,24.0,0.0,12.9,0
29.8,145.0,1.0,13.0,2.0,6.6,0
65.8,202.0,4.0,14.2,0.0,28.7,1
43.3,79.0,4.0,15.9,1.0,19.3,1
22.1,171.0,0.0,29.7,2.0,3.7,0
53.7,39.0,2.0,19.4,1.0,36.8,1
20.8,207.0,0.0,21.4,2.0,15.3,0
18.6,150.0,0.0,11.4,2.0,8.0,0
32.4,72.0,0.0,23.6,2.0,0.0,0
61.9,288.0,0.0,16.3,0.0,0.0,0
28.5,93.0,2.0,38.5,2.0,39.0,0
44.5,8.0,1.0,32.8,2.0,0.0,0
22.1,107.0,0.0,10.0,2.0,18.7,0
49.3,328.0,1.0,28.8,0.0,16.2,1
64.3,244.0,0.0,23.8,0.0,5.2,0
46.5,91.0,4.0,13.4,1.0,20.3,1
38.9,47.0,2.0,8.4,2.0,11.3,0
45.7,250.0,0.0,9.6,1.0,0.0,0
46.4,230.0,4.0,14.0,0.0,12.2,1
36.6,107.0,2.0,22.2,2.0,7.4,0
41.1,284.0,0.0,21.6,1.0,0.0,0
20.8,173.0,0.0,27.2,2.0,0.0,0
40.8,55.0,2.0,19.8,2.0,7.3,0
19.7,115.0,1.0,20.3,2.0,0.4,1
29.3,145.0,1.0,14.1,2.0,10.4,0
64.1,246.0,5.0,17.1,0.0,13.6,1
39.5,292.0,0.0,26.4,1.0,0.0,0
45.9,194.0,5.0,16.9,0.0,5.1,1
51.0,407.0,5.0,22.0,0.0,0.0,1
60.1,163.0,4.0,19.2,0.0,19.9,1
38.9,53.0,0.0,32.7,2.0,0.0,0
35.2,82.0,1.0,26.8,2.0,7.1,0
7.1,257.0,0.0,12.5,3.0,10.4,0
29.3,257.0,0.0,14.9,1.0,15.4,1
54.8,12.0,4.0,25.6,1.0,4.9,0
33.4,123.0,0.0,17.0,2.0,0.0,0
24.6,171.0,1.0,17.4,2.0,17.5,0
33.8,38.0,3.0,26.7,2.0,25.7,1
58.4,472.0,0.0,21.3,0.0,28.7,1
49.8,348.0,0.0,13.2,0.0,0.0,0
37.3,106.0,2.0,12.1,1.0,5.4,0
56.3,252.0,1.0,20.6,0.0,12.2,0
33.7,193.0,1.0,24.6,1.0,7.3,1
14.2,215.0,0.0,12.0,2.0,15.1,0
36.2,218.0,1.0,17.1,1.0,17.3,0
22.5,125.0,0.0,9.3,2.0,18.0,0
30.7,121.0,0.0,25.0,2.0,0.0,0
34.9,328.0,2.0,18.6,1.0,12.0,1
21.9,272.0,0.0,24.3,2.0,8.5,1
26.0,184.0,1.0,17.3,2.0,3.2,1
35.1,202.0,7.0,32.2,1.0,40.5,0
49.2,345.0,0.0,20.2,0.0,28.3,1
41.1,190.0,1.0,15.9,1.0,0.4,0
41.2,21.0,1.0,19.1,2.0,0.0,1
30.3,120.0,1.0,19.8,2.0,13.0,0
43.3,45.0,3.0,19.5,1.0,11.2,0
62.2,226.0,3.0,24.1,0.0,19.5,0
58.4,277.0,0.0,21.3,0.0,2.2,0
24.6,122.0,0.0,25.3,2.0,9.3,0
12.3,157.0,0.0,25.3,3.0,0.0,1
18.3,210.0,0.0,32.6,2.0,0.0,0
18.7,177.0,0.0,16.7,2.0,21.0,0
41.2,325.0,0.0,13.0,1.0,27.2,1
35.1,76.0,3.0,33.6,2.0,15.4,1
24.3,126.0,0.0,22.4,2.0,3.3,0
49.2,232.0,0.0,16.6,0.0,2.4,0
60.0,204.0,1.0,20.3,0.0,8.7,0
63.1,198.0,0.0,34.4,0.0,8.6,0
31.4,255.0,0.0,8.9,1.0,0.3,0
32.6,246.0,0.0,10.9,1.0,14.7,1
46.7,225.0,2.0,10.1,0.0,8.8,0
20.0,179.0,0.0,37.0,2.0,14.5,0
40.3,281.0,0.0,17.6,1.0,0.6,0
29.8,127.0,0.0,29.9,2.0,3.3,0
33.1,87.0,2.0,2.6,2.0,30.5,0
54.4,210.0,5.0,9.5,0.0,18.6,1
42.7,271.0,3.0,19.1,0.0,9.7,1
45.1,25.0,3.0,21.3,1.0,4.9,0
14.0,217.0,0.0,17.6,2.0,14.6,0
38.8,201.0,1.0,19.6,1.0,0.0,0
66.3,259.0,5.0,17.9,0.0,12.9,1
50.1,282.0,0.0,19.8,0.0,3.5,0
37.8,350.0,1.0,20.0,0.0,7.4,1
31.2,128.0,0.0,17.6,2.0,1.2,0
23.6,199.0,0.0,28.0,2.0,0.0,0
52.0,124.0,5.0,17.2,0.0,17.6,1
58.4,250.0,3.0,20.8,0.0,19.2,0
35.6,254.0,0.0,16.8,1.0,9.6,1
47.5,256.0,1.0,33.6,0.0,5.0,1
39.7,68.0,2.0,18.6,2.0,4.7,0
30.9,229.0,0.0,18.3,1.0,5.8,1
35.3,63.0,0.0,29.8,2.0,0.0,0
22.8,174.0,1.0,15.7,2.0,1.6,1
16.9,149.0,0.0,24.3,3.0,21.9,0
31.9,160.0,3.0,15.5,1.0,7.8,0
50.5,279.0,1.0,13.6,0.0,13.5,0
33.3,95.0,1.0,27.4,2.0,5.3,0
60.2,229.0,0.0,30.4,0.0,8.9,0
26.6,170.0,0.0,13.6,2.0,5.8,0
42.1,31.0,2.0,26.2,2.0,38.2,1
39.5,201.0,0.0,30.2,1.0,0.0,0
44.9,180.0,2.0,23.5,1.0,6.5,0
48.8,189.0,2.0,16.5,1.0,14.7,0
17.8,178.0,0.0,25.5,2.0,13.2,0
53.7,202.0,0.0,11.2,0.0,0.0,0
42.9,40.0,4.0,18.4,1.0,32.0,0
40.6,223.0,6.0,37.0,0.0,1.1,1
45.3,72.0,1.0,20.9,1.0,0.0,0
55.6,156.0,4.0,26.6,0.0,20.6,1
15.8,124.0,1.0,20.7,3.0,12.3,1
24.6,147.0,0.0,20.8,2.0,9.9,0
51.3,202.0,1.0,23.8,0.0,0.7,0
24.1,134.0,1.0,21.0,2.0,28.2,0
21.4,177.0,1.0,19.8,2.0,32.0,0
61.1,173.0,4.0,30.3,0.0,22.2,1
35.3,264.0,2.0,30.0,1.0,18.7,0
41.6,234.0,0.0,19.8,1.0,0.0,0
23.8,169.0,0.0,17.1,2.0,4.2,1
29.5,119.0,1.0,25.0,2.0,5.4,0
39.3,333.0,3.0,20.1,0.0,3.0,1
61.5,202.0,2.0,14.2,0.0,28.3,0
27.0,221.0,0.0,25.6,2.0,14.6,1
27.9,189.0,2.0,32.1,1.0,0.0,1
60.1,145.0,3.0,15.0,0.0,23.9,1
36.4,237.0,1.0,23.8,1.0,1.2,0
0.4,329.0,0.0,27.2,3.0,28.5,0
42.8,62.0,3.0,14.1,1.0,35.6,1
27.1,145.0,0.0,19.5,2.0,0.0,0
54.9,155.0,3.0,17.2,0.0,20.4,0
34.0,74.0,1.0,17.4,2.0,16.7,0
37.8,111.0,4.0,15.9,1.0,14.5,1
64.9,300.0,0.0,15.0,0.0,10.6,0
68.1,177.0,2.0,16.6,0.0,21.5,0
69.4,262.0,0.0,24.4,0.0,0.0,0
59.0,260.0,0.0,17.7,0.0,2.4,0
40.4,249.0,2.0,10.0,1.0,12.9,0
57.2,233.0,1.0,21.7,0.0,1.7,0
32.3,203.0,3.0,15.3,1.0,19.5,0
13.6,279.0,1.0,17.0,2.0,5.9,0
49.3,248.0,0.0,21.0,0.0,0.0,0
65.1,245.0,0.0,20.2,0.0,10.5,0
18.8,206.0,0.0,15.8,2.0,7.4,0
51.7,33.0,3.0,11.7,1.0,1.0,0
56.6,221.0,0.0,28.8,0.0,0.0,0
52.6,9.0,2.0,22.7,1.0,0.0,0
26.4,187.0,5.0,37.3,1.0,27.6,0
67.8,271.0,2.0,26.3,0.0,22.5,0
32.6,111.0,1.0,13.1,2.0,3.7,0
32.8,89.0,1.0,40.5,2.0,10.2,0
30.6,128.0,0.0,17.2,2.0,3.2,0
28.9,109.0,2.0,11.4,2.0,25.0,0
35.4,264.0,0.0,24.6,1.0,4.3,1
30.4,152.0,1.0,13.0,2.0,9.2,1
38.6,66.0,1.0,1.0,2.0,1.4,0
10.9,246.0,0.0,21.9,2.0,4.2,0
40.8,162.0,5.0,1.0,1.0,20.8,0
67.7,222.0,0.0,7.6,0.0,11.9,0
69.8,266.0,0.0,4.8,0.0,0.0,0
49.9,95.0,3.0,22.8,1.0,26.7,1
41.8,298.0,0.0,4.5,1.0,17.2,1
62.0,1.0,4.0,26.5,1.0,0.0,0
57.9,182.0,4.0,28.5,0.0,20.7,1
41.0,219.0,1.0,3.5,1.0,8.5,0
33.0,57.0,1.0,22.3,2.0,9.6,0
31.5,219.0,2.0,16.6,1.0,8.1,0
48.1,83.0,3.0,9.2,1.0,0.3,0
40.4,49.0,3.0,9.2,2.0,27.7,0
33.7,264.0,0.0,18.9,1.0,0.0,0
39.7,122.0,3.0,13.9,1.0,20.0,1
31.1,106.0,1.0,30.2,2.0,13.4,0
51.9,257.0,1.0,23.5,0.0,13.6,1
55.9,253.0,0.0,10.2,0.0,0.0,0
41.2,131.0,4.0,25.6,1.0,14.4,1
18.4,147.0,0.0,18.6,2.0,6.3,1
76.8,283.0,7.0,18.0,0.0,13.1,1
27.8,143.0,0.0,20.5,2.0,0.0,0
56.6,103.0,4.0,8.2,0.0,22.7,1
64.5,1.0,5.0,37.5,1.0,4.8,0
32.6,132.0,0.0,27.6,2.0,0.0,0
27.2,182.0,4.0,25.9,1.0,7.2,0
38.4,273.0,0.0,1.0,1.0,0.0,0
41.1,89.0,3.0,28.2,1.0,9.8,0
10.6,245.0,0.0,27.4,2.0,6.6,0
50.3,40.0,3.0,13.6,1.0,30.1,1
59.4,252.0,1.0,24.3,0.0,13.8,0
47.5,1.0,2.0,18.6,1.0,0.0,0
69.4,254.0,0.0,9.4,0.0,12.8,0
26.9,119.0,0.0,17.6,2.0,3.7,0
47.3,65.0,2.0,10.9,1.0,34.9,1
38.7,337.0,0.0,26.4,1.0,16.4,1
52.4,211.0,2.0,27.8,0.0,16.4,0
45.4,8.0,4.0,22.9,1.0,22.4,1
67.6,194.0,4.0,24.8,0.0,32.9,1
67.8,140.0,3.0,19.4,0.0,32.2,1
22.3,158.0,0.0,21.2,2.0,13.3,1
11.4,52.0,2.0,14.9,3.0,0.0,1
41.7,292.0,0.0,29.0,1.0,0.0,0
16.6,187.0,0.0,29.0,2.0,18.1,0
28.4,60.0,1.0,4.5,2.0,23.8,1
39.4,69.0,2.0,24.7,2.0,2.0,0
31.2,222.0,0.0,43.9,1.0,1.5,1
23.9,324.0,0.0,19.2,1.0,7.8,1
38.7,196.0,4.0,21.9,1.0,23.4,0
45.1,214.0,0.0,25.9,1.0,0.0,0
65.3,218.0,1.0,19.9,0.0,7.5,0
19.4,68.0,1.0,18.7,3.0,0.0,1
22.3,194.0,0.0,32.2,2.0,9.7,0
30.8,130.0,2.0,28.6,2.0,25.9,0
34.6,189.0,4.0,25.9,1.0,7.8,1
20.7,183.0,0.0,28.6,2.0,19.7,0
44.4,262.0,0.0,10.1,1.0,3.5,0
13.1,201.0,0.0,31.9,3.0,0.1,0
37.6,290.0,1.0,32.3,1.0,0.0,1
38.6,265.0,0.0,22.7,1.0,15.1,1
46.2,229.0,2.0,33.7,0.0,10.5,0
68.4,184.0,0.0,19.0,0.0,0.0,0
26.4,78.0,1.0,29.4,2.0,0.0,1
37.0,287.0,0.0,19.8,1.0,0.0,0
48.6,133.0,2.0,25.0,1.0,39.1,1
21.1,167.0,0.0,22.1,2.0,17.4,0
54.9,260.0,0.0,17.2,0.0,2.9,0
60.2,220.0,0.0,18.8,0.0,0.4,0
44.6,41.0,2.0,27.1,1.0,0.0,0
35.6,315.0,2.0,24.1,1.0,7.2,1
51.9,277.0,1.0,26.1,0.0,22.6,0
25.5,313.0,0.0,13.8,2.0,33.5,1
0.0,56.0,0.0,17.6,4.0,2.6,1
71.3,266.0,0.0,17.3,0.0,7.7,0
36.8,95.0,1.0,28.6,2.0,0.0,0
33.7,255.0,3.0,18.2,1.0,18.5,0
53.7,246.0,0.0,17.6,0.0,6.3,0
20.8,160.0,0.0,37.9,2.0,2.2,0
63.5,210.0,0.0,21.4,0.0,0.0,0
43.7,262.0,0.0,7.4,1.0,0.0,0
67.0,208.0,1.0,18.1,0.0,4.4,0
21.2,108.0,0.0,19.2,3.0,0.0,0
75.5,284.0,0.0,18.1,0.0,13.3,0
14.8,197.0,0.0,13.1,2.0,4.1,0
47.1,157.0,4.0,12.3,1.0,25.4,1
7.5,267.0,0.0,29.9,3.0,0.0,0
34.8,9.0,3.0,30.1,2.0,34.1,1
36.8,167.0,0.0,24.9,1.0,3.4,1
43.0,224.0,0.0,26.1,1.0,0.0,0
55.3,217.0,5.0,28.2,0.0,7.6,1
47.0,44.0,3.0,11.4,1.0,32.0,1
48.1,61.0,3.0,35.4,1.0,36.6,1
18.8,139.0,0.0,19.3,3.0,17.9,0
22.3,173.0,0.0,14.9,2.0,18.8,0
57.8,233.0,0.0,13.7,0.0,0.0,0
66.2,206.0,1.0,14.4,0.0,23.4,0
30.2,281.0,0.0,11.9,1.0,21.3,1
27.9,78.0,1.0,29.1,2.0,15.0,0
18.8,194.0,5.0,14.0,2.0,0.0,1
61.0,275.0,0.0,35.4,0.0,3.0,0
72.6,220.0,1.0,18.1,0.0,19.2,0
43.1,250.0,3.0,24.2,0.0,25.9,0
63.9,239.0,1.0,21.1,0.0,0.4,0
36.6,319.0,0.0,10.2,1.0,1.2,0
51.7,220.0,4.0,31.4,0.0,32.5,0
25.2,116.0,0.0,24.0,2.0,3.4,0
58.8,247.0,2.0,14.6,0.0,24.6,0
80.9,271.0,0.0,19.9,0.0,0.0,0
24.3,165.0,0.0,25.9,2.0,0.0,1
32.1,111.0,0.0,14.9,2.0,0.0,0
13.7,176.0,0.0,25.9,3.0,5.5,0
27.3,221.0,2.0,30.3,1.0,19.7,0
48.4,225.0,0.0,19.2,0.0,0.0,0
6.6,253.0,0.0,15.6,3.0,33.1,0
57.4,216.0,0.0,14.6,0.0,8.7,0
20.8,174.0,0.0,15.7,2.0,15.4,0
31.6,82.0,1.0,10.6,2.0,2.4,0
28.7,187.0,0.0,27.5,2.0,0.0,0
33.9,85.0,3.0,24.1,2.0,43.7,0
31.3,199.0,0.0,10.3,2.0,0.0,1
11.4,105.0,0.0,37.1,3.0,0.0,1
17.5,236.0,0.0,28.7,2.0,21.2,0
51.9,230.0,0.0,16.1,0.0,1.4,0
24.3,169.0,0.0,23.1,2.0,9.1,0
55.2,1.0,3.0,13.8,1.0,45.7,1
40.9,28.0,3.0,24.1,2.0,14.6,0
58.1,231.0,1.0,15.6,0.0,2.4,0
56.1,229.0,0.0,24.0,0.0,4.4,0
61.0,249.0,0.0,28.4,0.0,4.4,0
28.7,114.0,0.0,31.9,2.0,3.8,0
55.1,302.0,0.0,2.8,0.0,0.0,0
64.3,291.0,0.0,8.9,0.0,6.0,0
37.8,69.0,1.0,13.2,2.0,0.7,0
32.3,111.0,1.0,25.8,2.0,2.7,0
62.4,138.0,5.0,24.7,0.0,22.3,1
58.5,236.0,1.0,25.5,0.0,6.8,0
34.3,352.0,0.0,11.3,1.0,12.1,1
16.6,180.0,0.0,11.9,2.0,11.3,0
46.6,225.0,3.0,26.1,0.0,12.8,0
37.5,64.0,0.0,18.9,2.0,0.0,0
56.2,233.0,2.0,19.1,0.0,24.0,0
52.9,182.0,3.0,20.7,0.0,25.5,1
44.0,339.0,3.0,17.0,0.0,2.5,1
55.4,256.0,0.0,20.2,0.0,0.0,0
29.9,136.0,1.0,29.0,2.0,0.0,0
1.0,131.0,0.0,22.3,3.0,12.8,1
60.0,197.0,4.0,16.9,0.0,17.6,1
48.8,240.0,0.0,31.4,0.0,0.0,0
25.9,289.0,1.0,31.1,1.0,10.8,1
22.4,244.0,0.0,21.7,2.0,0.0,1
52.3,20.0,1.0,17.3,1.0,0.0,0
52.6,176.0,3.0,22.8,0.0,21.6,0
53.8,94.0,4.0,14.4,1.0,25.2,1
55.9,208.0,4.0,9.3,0.0,13.0,1
69.0,215.0,4.0,24.5,0.0,25.3,1
62.7,273.0,6.0,32.0,0.0,8.3,1
14.6,242.0,0.0,18.3,2.0,11.1,0
31.5,233.0,0.0,28.5,1.0,12.8,1
14.5,203.0,2.0,24.1,2.0,9.7,1
17.2,218.0,0.0,26.6,2.0,0.3,0
24.5,160.0,1.0,29.4,2.0,26.8,0
24.8,174.0,2.0,11.4,2.0,0.0,1
55.7,270.0,6.0,18.7,0.0,2.2,1
26.7,271.0,2.0,26.4,1.0,8.9,1
73.0,256.0,0.0,30.4,0.0,2.7,0
41.0,227.0,0.0,18.8,1.0,0.0,0
28.8,156.0,2.0,17.0,2.0,31.8,0
31.7,94.0,0.0,31.9,2.0,0.0,0
15.6,194.0,0.0,31.2,2.0,0.0,0
64.9,232.0,2.0,22.7,0.0,25.4,0
30.0,98.0,0.0,22.8,2.0,11.5,0
41.9,290.0,0.0,6.8,1.0,0.0,0
66.0,203.0,3.0,18.4,0.0,17.4,0
30.2,273.0,0.0,21.1,1.0,12.9,1
61.7,191.0,2.0,20.9,0.0,13.6,0
42.6,57.0,2.0,24.7,1.0,0.0,0
48.1,215.0,4.0,20.5,0.0,13.2,1
52.5,298.0,1.0,18.0,0.0,17.2,0
35.5,112.0,1.0,14.1,1.0,0.0,0
41.2,75.0,1.0,28.1,1.0,0.0,0
32.2,188.0,1.0,22.9,1.0,2.2,0
47.6,31.0,2.0,16.6,1.0,40.3,1
25.4,148.0,1.0,30.9,2.0,14.6,0
26.9,167.0,2.0,17.6,2.0,35.1,0
45.9,147.0,4.0,22.6,1.0,14.5,1
34.6,241.0,2.0,10.6,1.0,4.6,0
5.6,131.0,0.0,25.4,3.0,2.2,1
58.6,209.0,1.0,14.6,0.0,8.7,0
43.0,29.0,2.0,22.6,2.0,5.3,0
48.2,365.0,4.0,32.5,0.0,1.4,1
47.0,67.0,3.0,31.8,1.0,23.7,0
45.8,273.0,0.0,20.0,0.0,0.0,0
47.6,4.0,2.0,5.7,1.0,0.0,0
39.8,222.0,0.0,23.4,1.0,12.4,1
49.5,292.0,0.0,19.5,0.0,0.0,0
36.6,301.0,1.0,29.2,1.0,7.6,1
74.2,337.0,0.0,14.2,0.0,9.5,0
63.8,215.0,0.0,32.0,0.0,5.3,1
51.8,139.0,6.0,33.3,0.0,31.0,0
31.8,72.0,1.0,11.6,2.0,20.0,0
62.6,310.0,0.0,37.0,0.0,2.8,0
52.7,248.0,2.0,7.8,0.0,11.7,0
38.1,94.0,0.0,23.7,1.0,0.0,0
48.8,230.0,3.0,22.1,0.0,12.1,0
27.9,154.0,3.0,27.4,2.0,0.0,1
47.1,338.0,0.0,22.6,0.0,0.0,0
21.3,199.0,0.0,22.0,2.0,6.8,0
21.7,184.0,0.0,7.4,2.0,0.0,0
26.9,115.0,0.0,16.1,2.0,7.9,1
42.7,55.0,2.0,26.4,2.0,30.3,1
52.6,224.0,0.0,20.8,0.0,0.3,0
46.7,265.0,5.0,20.5,0.0,3.6,1
38.5,175.0,3.0,23.6,1.0,0.0,1
53.4,245.0,0.0,20.4,0.0,0.0,0
53.6,49.0,5.0,14.2,1.0,23.1,1
48.4,364.0,2.0,30.5,0.0,6.2,1
14.9,181.0,1.0,13.3,2.0,0.0,1
57.0,63.0,3.0,16.5,1.0,37.4,1
57.2,194.0,4.0,39.2,0.0,15.9,1
30.4,152.0,1.0,19.4,2.0,17.6,0
39.6,80.0,1.0,26.2,1.0,0.0,0
32.0,159.0,3.0,16.0,1.0,4.6,0
56.8,158.0,5.0,25.9,0.0,12.8,1
21.9,104.0,0.0,1.0,2.0,0.0,1
25.4,147.0,0.0,12.1,2.0,2.0,0
42.4,104.0,4.0,24.8,1.0,17.1,1
58.3,310.0,0.0,21.1,0.0,1.2,0
34.2,100.0,1.0,29.8,2.0,0.0,0
10.0,224.0,0.0,27.9,3.0,27.4,0
14.0,173.0,0.0,15.9,3.0,22.3,0
28.4,228.0,3.0,25.9,1.0,16.4,0
35.0,107.0,1.0,10.2,2.0,2.5,0
15.9,196.0,0.0,26.2,2.0,3.7,0
46.5,179.0,2.0,34.8,1.0,9.3,0
26.6,109.0,1.0,28.6,2.0,31.2,0
40.1,250.0,0.0,14.8,1.0,0.0,0
33.3,208.0,3.0,23.3,1.0,8.6,0
14.9,203.0,0.0,26.4,2.0,11.1,0
20.0,176.0,0.0,31.1,2.0,0.4,0
61.6,454.0,3.0,21.1,0.0,14.7,1
64.6,193.0,0.0,29.2,0.0,4.9,0
47.4,308.0,0.0,29.4,0.0,0.0,0
24.3,223.0,0.0,1.0,2.0,9.2,1
41.5,209.0,1.0,23.0,1.0,14.5,0
23.1,108.0,1.0,18.1,2.0,0.0,1
26.6,131.0,0.0,32.6,2.0,8.2,0
50.7,246.0,2.0,15.7,0.0,2.3,1
40.4,127.0,5.0,31.3,1.0,16.7,1
52.3,299.0,0.0,24.7,0.0,0.0,0
43.4,82.0,3.0,11.7,1.0,30.5,1
42.0,254.0,4.0,15.9,0.0,26.1,0
49.6,260.0,0.0,23.3,0.0,0.0,0
36.0,1.0,2.0,7.8,3.0,41.5,1
44.1,237.0,4.0,15.3,0.0,0.0,1
28.8,98.0,0.0,24.5,2.0,2.4,0
54.4,295.0,0.0,14.9,0.0,0.0,0
62.5,230.0,4.0,20.8,0.0,21.5,1
52.4,248.0,0.0,25.9,0.0,3.5,0
28.7,205.0,2.0,20.7,1.0,6.1,1
23.8,134.0,0.0,18.8,2.0,10.2,1
24.3,139.0,0.0,23.9,2.0,0.0,0
53.5,134.0,4.0,23.7,0.0,25.3,1
36.8,366.0,2.0,16.7,0.0,7.9,1
41.6,372.0,0.0,5.1,0.0,12.4,1
60.0,182.0,4.0,26.7,0.0,20.1,1
71.6,229.0,0.0,12.1,0.0,0.0,0
21.6,180.0,0.0,1.0,2.0,15.7,0
44.3,123.0,4.0,33.0,1.0,19.8,1
31.0,237.0,2.0,15.7,1.0,1.1,0
43.9,62.0,2.0,24.1,1.0,0.0,0
63.0,232.0,0.0,17.9,0.0,2.7,0
18.3,213.0,0.0,19.8,2.0,11.5,0
51.8,215.0,4.0,10.7,0.0,25.9,0
28.3,282.0,4.0,29.0,1.0,0.0,1
62.7,217.0,0.0,13.3,0.0,0.0,0
32.0,282.0,0.0,27.8,1.0,0.0,0
40.4,254.0,3.0,26.3,1.0,19.7,0
20.8,200.0,0.0,36.1,2.0,16.2,0
32.0,234.0,0.0,21.7,2.0,18.7,1
48.4,30.0,2.0,28.0,1.0,0.0,0
25.0,183.0,0.0,15.3,2.0,4.9,1
18.1,106.0,0.0,12.6,3.0,0.0,1
56.5,309.0,6.0,11.8,0.0,0.0,1
59.2,233.0,4.0,12.4,0.0,14.2,1
25.8,131.0,0.0,9.3,2.0,0.0,0
52.3,281.0,0.0,16.1,0.0,0.0,0
51.0,135.0,4.0,23.9,1.0,28.4,1
35.3,264.0,1.0,31.8,1.0,3.5,1
31.2,114.0,1.0,17.4,2.0,1.5,0
49.6,1.0,2.0,16.4,1.0,0.0,0
62.7,444.0,4.0,16.4,0.0,5.8,1
47.9,108.0,4.0,9.7,1.0,28.8,1
19.6,166.0,0.0,29.3,2.0,11.3,0
54.6,243.0,0.0,26.7,0.0,0.0,0
61.5,230.0,0.0,22.2,0.0,2.9,0
58.0,227.0,0.0,24.0,0.0,5.2,0
24.5,215.0,0.0,11.3,2.0,15.1,1
59.1,164.0,3.0,22.9,0.0,32.3,1
57.1,1.0,4.0,35.2,1.0,7.1,0
34.7,280.0,2.0,12.6,1.0,0.0,1
39.6,177.0,3.0,26.2,1.0,17.6,0
42.1,44.0,0.0,23.6,2.0,0.0,0
56.9,193.0,0.0,16.5,0.0,0.0,0
56.3,236.0,0.0,16.4,0.0,0.0,0
50.7,193.0,2.0,35.9,0.0,16.9,0
39.8,41.0,2.0,37.0,2.0,5.6,0
27.7,89.0,0.0,17.8,2.0,0.0,0
37.9,79.0,1.0,37.2,2.0,0.0,0
42.9,216.0,3.0,10.4,1.0,11.7,0
50.1,12.0,2.0,23.5,2.0,46.8,1
68.2,219.0,0.0,11.3,0.0,0.0,0
27.5,140.0,1.0,19.5,2.0,9.0,0
28.0,144.0,0.0,20.4,2.0,0.7,1
23.8,119.0,2.0,19.3,2.0,0.0,1
24.0,245.0,2.0,43.3,2.0,13.4,1
58.2,201.0,0.0,29.0,0.0,0.0,0
58.9,101.0,3.0,11.4,0.0,36.1,1
36.2,268.0,0.0,26.4,1.0,0.0,0
67.5,183.0,5.0,18.0,0.0,10.7,1
28.2,310.0,0.0,11.6,1.0,0.0,0
37.2,205.0,3.0,10.7,1.0,1.1,0
38.3,25.0,0.0,17.6,2.0,0.0,0
69.5,231.0,0.0,26.1,0.0,0.0,0
45.2,230.0,5.0,17.3,0.0,9.9,1
34.4,73.0,1.0,11.8,2.0,9.4,0
35.4,91.0,1.0,17.6,2.0,0.0,0
42.4,232.0,3.0,28.7,1.0,20.1,0
20.0,203.0,1.0,21.0,2.0,0.0,1
13.6,174.0,0.0,16.3,3.0,31.2,0
21.5,165.0,0.0,11.7,2.0,13.7,0
55.2,139.0,3.0,14.6,0.0,14.2,0
52.9,63.0,3.0,15.2,1.0,33.1,1
41.6,55.0,2.0,20.2,1.0,0.0,0
51.7,234.0,2.0,26.1,0.0,16.2,0
53.7,185.0,4.0,14.8,0.0,22.3,1
37.9,78.0,2.0,28.4,2.0,6.2,0
51.4,318.0,4.0,29.2,0.0,0.0,1
53.9,105.0,3.0,13.6,1.0,36.1,1
40.0,183.0,1.0,30.9,1.0,11.1,0
43.6,36.0,3.0,28.0,2.0,37.3,1
14.8,194.0,5.0,22.4,2.0,3.4,1
54.0,253.0,2.0,20.2,0.0,10.3,0
65.3,256.0,0.0,24.8,0.0,0.0,0
22.9,165.0,0.0,1.0,2.0,15.9,0
44.7,275.0,0.0,11.1,0.0,11.0,1
21.5,177.0,0.0,16.0,2.0,9.8,0
25.4,164.0,0.0,16.8,2.0,6.1,0
16.8,160.0,0.0,14.3,3.0,11.9,0
43.8,5.0,2.0,29.2,2.0,14.3,0
55.7,285.0,0.0,18.3,0.0,0.0,0
30.7,105.0,2.0,38.5,2.0,33.4,0
73.1,172.0,0.0,16.8,0.0,1.4,0
32.1,104.0,1.0,9.0,2.0,11.0,0
71.5,262.0,0.0,15.5,0.0,4.6,0
67.1,238.0,5.0,14.0,0.0,19.2,1
24.0,191.0,0.0,25.8,2.0,0.0,0
53.7,1.0,3.0,20.0,1.0,0.0,0
53.9,250.0,1.0,30.1,0.0,9.9,0
17.6,201.0,0.0,25.5,2.0,0.0,0
37.9,246.0,6.0,18.1,0.0,0.0,1
28.4,139.0,1.0,15.5,2.0,24.6,0
41.1,62.0,0.0,27.5,1.0,0.0,0
43.0,265.0,2.0,15.9,0.0,6.2,0
57.1,407.0,3.0,11.5,0.0,6.4,1
61.9,259.0,1.0,18.1,0.0,6.5,0
13.4,201.0,0.0,12.6,3.0,10.0,0
31.8,203.0,2.0,11.7,1.0,11.8,0
61.0,199.0,4.0,5.3,0.0,37.7,0
19.2,105.0,0.0,22.5,3.0,8.6,1
37.5,40.0,1.0,39.8,2.0,4.9,0
49.9,115.0,2.0,3.3,1.0,27.8,1
14.6,175.0,2.0,24.3,2.0,0.0,1
62.6,65.0,2.0,21.2,1.0,41.2,1
28.9,148.0,0.0,35.1,2.0,4.3,0
56.2,305.0,0.0,21.8,0.0,0.0,0
11.0,226.0,0.0,25.8,3.0,31.9,0
44.0,242.0,0.0,16.9,1.0,4.0,0
37.8,133.0,3.0,23.4,1.0,20.6,1
37.6,152.0,3.0,18.2,1.0,6.9,1
62.3,382.0,2.0,11.5,0.0,0.0,1
45.6,264.0,1.0,23.3,0.0,11.2,0
51.3,161.0,5.0,13.1,0.0,11.6,1
26.7,153.0,0.0,21.8,2.0,0.0,0
32.3,98.0,1.0,36.0,2.0,7.6,0
39.8,224.0,0.0,17.7,1.0,1.6,0
21.5,175.0,0.0,17.7,2.0,22.7,0
37.3,103.0,2.0,17.9,2.0,9.5,0
44.2,238.0,2.0,5.5,0.0,2.5,0
10.4,224.0,0.0,21.7,3.0,15.6,0
42.1,352.0,1.0,35.8,0.0,17.5,1
58.0,215.0,1.0,27.7,0.0,14.9,0
29.7,110.0,0.0,17.9,2.0,0.0,0
41.5,43.0,0.0,20.0,2.0,0.0,0
15.8,206.0,1.0,28.0,2.0,39.8,0
50.5,274.0,0.0,8.5,0.0,0.0,0
46.5,47.0,3.0,13.4,1.0,39.2,1
40.6,214.0,4.0,31.6,1.0,17.2,0
15.4,177.0,0.0,15.7,2.0,0.0,1
48.6,1.0,3.0,28.5,2.0,42.4,1
31.1,118.0,1.0,5.5,2.0,14.9,0
31.8,68.0,0.0,32.0,2.0,0.0,0
16.5,206.0,0.0,27.0,2.0,12.2,0
53.9,102.0,2.0,21.1,1.0,43.2,1
27.7,131.0,0.0,22.2,2.0,0.0,0
17.1,193.0,0.0,33.2,2.0,23.4,0
43.9,173.0,3.0,32.7,1.0,7.8,0
30.7,224.0,0.0,13.0,2.0,22.6,1
52.6,232.0,1.0,30.6,0.0,4.5,0
56.3,264.0,0.0,8.7,0.0,0.0,0
41.3,75.0,1.0,29.4,1.0,0.0,0
5.7,242.0,0.0,3.2,3.0,12.5,0
49.4,327.0,3.0,17.6,0.0,5.2,1
62.7,255.0,0.0,19.1,0.0,3.1,0
61.6,119.0,4.0,18.2,0.0,31.5,1
62.6,116.0,5.0,14.5,0.0,26.3,1
38.9,88.0,1.0,17.0,1.0,0.0,0
29.7,242.0,0.0,20.2,1.0,0.0,0
21.3,180.0,1.0,21.8,2.0,23.7,0
25.7,251.0,0.0,15.1,2.0,2.5,1
31.6,111.0,1.0,19.1,2.0,0.5,0
47.5,266.0,0.0,22.3,0.0,0.1,0
58.8,228.0,5.0,23.7,0.0,11.7,1
61.9,1.0,2.0,6.3,0.0,0.0,0
58.1,409.0,3.0,19.9,0.0,0.0,1
52.4,243.0,2.0,5.6,0.0,8.1,0
58.5,225.0,1.0,17.2,0.0,9.9,0
21.6,155.0,0.0,17.2,2.0,6.9,0
52.8,219.0,3.0,21.3,0.0,15.7,0
23.9,157.0,0.0,6.9,2.0,9.7,0
41.9,248.0,0.0,20.7,1.0,0.9,0
36.0,226.0,2.0,6.9,1.0,4.4,0
13.9,145.0,0.0,3.3,3.0,12.5,1
33.6,65.0,0.0,13.7,2.0,0.0,0
46.4,297.0,1.0,23.5,0.0,8.1,1
22.9,246.0,0.0,14.3,2.0,0.0,0
58.8,281.0,0.0,22.2,0.0,0.0,0
26.1,129.0,1.0,18.5,2.0,24.3,0
16.5,184.0,0.0,4.2,2.0,19.0,0
19.4,175.0,0.0,27.9,2.0,30.0,0
62.9,282.0,0.0,34.3,0.0,7.3,0
59.1,251.0,0.0,30.3,0.0,6.4,0
15.2,217.0,0.0,31.3,2.0,8.1,0
62.0,259.0,0.0,29.1,0.0,7.5,0
60.1,249.0,0.0,21.3,0.0,0.0,0
38.3,240.0,2.0,18.3,1.0,10.8,0
63.8,215.0,0.0,13.0,0.0,4.0,0
42.6,318.0,0.0,6.6,1.0,27.5,1
52.8,144.0,4.0,15.1,0.0,15.9,1
28.4,234.0,3.0,15.5,1.0,13.2,0
34.5,86.0,2.0,30.6,2.0,13.8,0
76.7,226.0,0.0,27.9,0.0,11.1,0
47.6,231.0,1.0,5.4,0.0,3.1,0
61.0,152.0,4.0,11.1,0.0,25.4,1
24.3,187.0,2.0,19.6,2.0,0.0,0
33.1,134.0,2.0,27.8,2.0,26.6,0
29.9,164.0,0.0,18.9,2.0,0.0,0
51.4,255.0,0.0,16.8,0.0,1.7,0
45.5,66.0,2.0,32.3,1.0,2.8,0
21.0,170.0,0.0,24.4,2.0,17.8,0
45.9,250.0,0.0,18.6,0.0,0.0,0
42.2,25.0,2.0,12.6,2.0,3.3,0
35.6,191.0,5.0,17.9,1.0,9.3,1
49.3,233.0,3.0,14.1,0.0,21.8,0
1.4,275.0,0.0,14.5,3.0,17.7,0
66.1,85.0,3.0,32.1,0.0,40.5,1
16.8,210.0,0.0,32.1,2.0,4.4,0
48.5,311.0,0.0,19.8,0.0,0.0,0
46.6,96.0,2.0,27.8,1.0,35.7,1
54.7,236.0,0.0,13.0,0.0,10.1,0
18.5,173.0,0.0,20.1,2.0,10.0,0
28.1,285.0,0.0,24.2,1.0,0.7,1
51.2,205.0,0.0,23.5,0.0,0.0,0
48.3,218.0,0.0,27.9,0.0,0.0,0
13.2,197.0,0.0,34.1,3.0,10.9,0
21.4,154.0,0.0,27.3,2.0,28.8,0
41.8,47.0,2.0,4.6,1.0,0.0,0
38.2,26.0,2.0,10.4,2.0,10.8,0
28.8,110.0,0.0,14.2,2.0,5.2,0
30.3,268.0,0.0,12.3,1.0,3.8,1
29.3,191.0,4.0,21.5,1.0,27.6,0
23.7,172.0,0.0,29.1,2.0,6.4,1
51.5,202.0,1.0,28.2,0.0,0.0,0
67.5,203.0,2.0,14.1,0.0,24.0,0
29.0,148.0,0.0,17.3,2.0,0.0,0
51.7,310.0,0.0,27.0,0.0,12.0,1
48.7,2.0,0.0,27.7,2.0,49.1,1
45.8,171.0,1.0,22.4,1.0,6.7,0
47.7,289.0,0.0,9.5,0.0,0.0,0
52.1,230.0,0.0,1.0,0.0,0.0,0
45.1,65.0,1.0,13.5,1.0,0.0,0
52.0,212.0,5.0,12.4,0.0,12.6,1
24.0,185.0,0.0,16.3,2.0,4.8,0
31.7,146.0,0.0,14.2,2.0,10.2,1
40.6,211.0,0.0,27.4,1.0,0.0,0
59.7,223.0,0.0,15.3,0.0,4.0,0
30.9,201.0,1.0,27.6,1.0,9.1,0
11.9,132.0,2.0,24.8,3.0,0.0,1
31.3,66.0,1.0,36.5,2.0,16.8,0
32.4,100.0,0.0,20.1,2.0,0.0,0
25.4,122.0,1.0,30.8,2.0,0.0,1
47.8,414.0,4.0,20.9,0.0,0.0,1
39.4,225.0,3.0,25.9,1.0,19.1,0
18.4,167.0,0.0,26.0,2.0,0.0,0
51.9,175.0,1.0,26.0,0.0,17.1,0
64.1,242.0,1.0,12.8,0.0,17.6,0
64.9,161.0,4.0,1.0,0.0,25.0,1
6.9,273.0,0.0,17.1,3.0,0.0,0
61.1,303.0,0.0,24.3,0.0,0.0,0
39.8,237.0,0.0,35.0,1.0,2.0,0
22.0,178.0,1.0,29.6,2.0,27.6,0
18.1,163.0,0.0,21.0,2.0,0.0,0
33.3,106.0,0.0,28.9,2.0,0.0,0
24.0,111.0,1.0,25.6,2.0,23.7,0
29.4,275.0,1.0,18.8,1.0,0.9,1
51.5,116.0,3.0,24.4,1.0,29.3,1
44.1,62.0,2.0,10.4,1.0,0.0,0
21.8,267.0,1.0,16.0,2.0,1.6,1
46.1,83.0,3.0,16.1,1.0,30.4,1
53.5,254.0,2.0,41.7,0.0,15.7,0
14.2,175.0,0.0,31.2,3.0,6.5,0
41.1,219.0,2.0,38.1,1.0,10.6,0
37.7,44.0,1.0,30.2,2.0,0.0,0
41.8,286.0,1.0,10.3,0.0,7.1,0
21.2,154.0,1.0,23.3,2.0,0.0,1
57.9,219.0,0.0,29.5,0.0,1.3,0
73.6,295.0,0.0,13.0,0.0,0.0,0
48.5,152.0,5.0,34.0,0.0,11.6,1
61.2,213.0,4.0,21.6,0.0,20.5,1
36.2,21.0,2.0,14.3,2.0,37.8,1
50.0,271.0,2.0,12.4,0.0,21.1,0
20.8,145.0,0.0,18.3,2.0,6.3,0
24.3,107.0,1.0,19.9,2.0,24.5,0
36.3,249.0,0.0,16.8,1.0,0.0,0
41.4,280.0,1.0,21.4,0.0,0.5,1
58.3,160.0,5.0,19.4,0.0,11.0,1
9.7,251.0,0.0,21.4,2.0,13.9,0
58.6,315.0,0.0,18.6,0.0,0.0,0
29.7,132.0,0.0,18.6,2.0,0.0,0
53.3,234.0,1.0,24.6,0.0,13.2,0
27.9,112.0,0.0,22.4,2.0,5.8,0
38.7,346.0,3.0,16.8,0.0,3.9,1
39.4,308.0,0.0,35.7,1.0,13.6,0
39.0,42.0,1.0,18.1,2.0,0.0,0
12.1,92.0,4.0,13.9,3.0,0.0,1
24.9,134.0,1.0,13.0,2.0,20.4,0
48.5,257.0,0.0,16.0,0.0,0.0,0
28.5,178.0,0.0,23.4,2.0,0.0,0
51.8,1.0,2.0,9.2,1.0,0.0,0
40.7,317.0,0.0,18.3,0.0,8.6,1
23.9,272.0,0.0,6.6,2.0,19.0,1
26.6,142.0,0.0,24.5,2.0,4.7,0
36.8,90.0,0.0,26.5,2.0,0.0,0
48.8,73.0,4.0,18.3,1.0,29.0,1
29.7,123.0,1.0,28.0,2.0,12.5,0
29.7,226.0,0.0,22.0,2.0,16.8,1
26.9,101.0,1.0,1.0,2.0,13.7,0
62.8,186.0,3.0,16.0,0.0,34.2,1
51.7,5.0,2.0,33.0,1.0,0.0,0
54.2,275.0,0.0,29.5,0.0,0.0,0
25.6,159.0,0.0,12.1,2.0,14.9,0
85.4,252.0,0.0,26.3,0.0,0.0,0
31.0,162.0,2.0,21.4,1.0,8.2,0
21.3,145.0,0.0,15.2,2.0,12.4,0
42.4,271.0,1.0,11.7,0.0,1.0,1
43.0,308.0,0.0,11.8,0.0,0.0,0
55.5,224.0,0.0,13.6,0.0,12.7,0
57.8,211.0,2.0,10.8,0.0,20.5,0
24.2,201.0,1.0,27.4,2.0,5.9,1
16.0,184.0,0.0,38.0,2.0,4.2,1
30.9,125.0,0.0,5.5,2.0,5.2,0
42.2,239.0,1.0,12.6,1.0,1.4,0
17.7,127.0,0.0,22.5,3.0,8.6,1
36.3,74.0,1.0,26.2,2.0,7.4,0
57.8,269.0,1.0,23.8,0.0,4.9,0
20.2,121.0,1.0,16.4,2.0,0.0,1
71.8,285.0,0.0,13.1,0.0,15.9,0
16.7,209.0,0.0,16.0,2.0,8.8,0
58.8,221.0,0.0,19.1,0.0,1.1,0
32.7,1.0,3.0,19.9,2.0,29.7,1
61.8,236.0,0.0,14.8,0.0,0.0,0
16.0,203.0,0.0,16.6,2.0,9.7,0
50.5,235.0,2.0,17.3,0.0,5.4,0
43.7,186.0,4.0,1.5,1.0,9.7,1
61.1,504.0,1.0,21.6,0.0,14.6,1
45.4,250.0,4.0,26.7,0.0,11.1,0
37.5,269.0,2.0,11.2,1.0,11.5,0
16.2,175.0,0.0,13.9,3.0,22.4,0
46.3,3.0,2.0,6.1,1.0,0.0,0
31.5,73.0,2.0,12.3,2.0,27.0,0
50.9,194.0,0.0,13.7,0.0,14.9,0
62.4,248.0,0.0,25.2,0.0,0.0,0
44.4,323.0,0.0,20.2,0.0,16.8,1
50.8,248.0,0.0,25.0,0.0,0.0,0
50.6,246.0,0.0,25.0,0.0,0.0,0
31.5,59.0,0.0,30.7,2.0,11.8,0
28.5,166.0,0.0,36.1,2.0,17.3,1
28.2,84.0,0.0,3.5,2.0,12.8,0
25.0,197.0,0.0,23.9,2.0,0.0,1
48.7,242.0,3.0,25.6,0.0,22.6,0
67.6,234.0,0.0,21.3,0.0,0.0,0
21.8,149.0,0.0,19.9,2.0,5.5,0
38.5,271.0,5.0,24.0,0.0,0.0,1
27.9,114.0,0.0,8.7,2.0,0.0,0
48.9,194.0,3.0,11.5,0.0,16.2,0
10.4,72.0,0.0,15.4,3.0,9.7,1
17.6,205.0,0.0,19.0,2.0,14.7,0
24.7,232.0,0.0,23.6,2.0,0.5,1
60.9,251.0,0.0,27.1,0.0,0.0,0
38.6,284.0,1.0,21.0,1.0,8.9,1
47.4,233.0,1.0,16.9,0.0,17.8,1
31.4,82.0,0.0,18.7,2.0,5.3,0
53.3,232.0,3.0,25.9,0.0,25.2,0
44.6,204.0,2.0,12.4,1.0,8.7,0
70.2,274.0,0.0,5.7,0.0,0.0,0
27.8,315.0,3.0,11.5,1.0,0.8,1
10.4,90.0,1.0,9.0,3.0,0.0,1
24.6,174.0,0.0,2.2,2.0,16.5,0
60.7,238.0,0.0,4.8,0.0,0.0,0
22.3,151.0,0.0,18.4,2.0,17.1,0
31.2,134.0,0.0,7.6,2.0,0.0,0
42.6,155.0,4.0,17.4,1.0,18.8,1
51.3,269.0,0.0,24.6,0.0,0.0,0
39.4,74.0,0.0,16.9,1.0,0.0,0
34.8,280.0,2.0,18.8,1.0,9.2,1
54.5,215.0,0.0,21.5,0.0,0.0,0
31.1,132.0,1.0,10.4,2.0,7.4,0
22.9,175.0,0.0,6.2,2.0,15.2,0
56.1,182.0,4.0,15.7,0.0,29.6,1
43.8,1.0,2.0,15.9,2.0,42.9,1
21.8,257.0,4.0,14.7,1.0,6.5,0
66.5,179.0,2.0,33.4,0.0,30.1,0
36.1,329.0,3.0,23.5,0.0,7.7,1
16.6,137.0,0.0,16.6,3.0,17.1,0
52.9,212.0,1.0,18.9,0.0,5.2,0
75.6,303.0,0.0,27.1,0.0,17.3,0
43.2,70.0,2.0,8.4,1.0,1.0,0
66.9,185.0,4.0,16.7,0.0,33.6,1
31.5,150.0,4.0,15.9,1.0,27.5,0
36.4,71.0,2.0,10.7,2.0,11.4,0
46.0,227.0,0.0,20.5,1.0,0.0,0
46.5,264.0,4.0,22.9,0.0,36.8,0
16.6,192.0,0.0,11.3,2.0,20.5,0
34.7,51.0,1.0,22.4,2.0,9.3,0
32.3,105.0,0.0,8.4,2.0,0.0,0
38.3,147.0,5.0,20.2,1.0,2.0,1
53.9,279.0,0.0,26.7,0.0,3.3,0
26.7,195.0,1.0,26.7,2.0,0.0,1
30.2,191.0,2.0,16.7,1.0,15.4,0
22.7,153.0,0.0,14.6,2.0,0.0,0
37.2,110.0,1.0,23.1,1.0,0.0,0
27.7,207.0,2.0,14.6,1.0,3.7,0
47.0,288.0,2.0,18.0,0.0,16.0,0
25.9,164.0,1.0,12.3,2.0,15.5,0
28.7,84.0,1.0,13.1,2.0,13.1,0
57.9,283.0,0.0,6.5,0.0,5.3,0
54.5,163.0,3.0,25.0,0.0,23.9,1
20.5,177.0,1.0,6.7,2.0,31.7,0
47.8,317.0,0.0,18.7,0.0,0.4,0
41.4,278.0,0.0,19.4,1.0,0.0,0
63.0,248.0,2.0,19.3,0.0,24.9,0
59.5,291.0,0.0,12.8,0.0,0.0,0
31.0,121.0,2.0,21.5,2.0,32.8,0
50.3,50.0,2.0,14.9,1.0,0.0,0
40.3,377.0,0.0,28.4,0.0,18.3,1
55.9,279.0,0.0,30.8,0.0,0.0,0
36.6,135.0,1.0,33.1,1.0,0.0,0
30.7,287.0,0.0,23.7,1.0,0.0,0
35.0,80.0,3.0,20.8,2.0,27.5,1
45.6,36.0,2.0,36.6,1.0,0.0,0
73.3,214.0,5.0,16.0,0.0,19.2,1
44.4,136.0,3.0,22.4,1.0,20.5,1
38.5,65.0,3.0,2.7,2.0,17.6,1
63.3,510.0,2.0,20.0,0.0,20.7,1
26.1,144.0,0.0,26.2,2.0,0.0,0
26.9,1.0,1.0,7.5,3.0,46.5,1
37.6,115.0,1.0,20.0,1.0,0.0,0
19.5,103.0,0.0,19.1,3.0,0.0,1
23.2,142.0,0.0,16.6,2.0,4.8,1
52.9,187.0,3.0,11.8,0.0,21.2,0
26.2,110.0,1.0,28.1,2.0,23.6,0
42.7,70.0,3.0,20.7,1.0,10.8,0
35.8,156.0,0.0,17.5,1.0,2.1,1
44.8,380.0,2.0,26.3,0.0,7.3,1
63.8,112.0,2.0,15.6,0.0,47.3,1
22.1,189.0,0.0,22.3,2.0,11.3,0
10.6,62.0,2.0,11.4,3.0,0.0,1
15.2,152.0,1.0,28.4,2.0,0.0,1
47.7,283.0,0.0,19.5,0.0,1.3,0
51.0,10.0,3.0,24.2,1.0,39.5,1
34.7,215.0,3.0,28.0,1.0,19.5,0
52.3,278.0,0.0,28.6,0.0,0.0,0
29.9,66.0,3.0,20.3,2.0,49.7,0
37.6,109.0,4.0,4.6,1.0,11.3,1
52.9,267.0,6.0,8.6,0.0,0.0,1
65.9,180.0,1.0,18.9,0.0,15.8,0
74.8,203.0,1.0,24.7,0.0,4.0,0
42.4,43.0,2.0,11.0,1.0,0.0,0
35.4,205.0,0.0,28.7,1.0,0.0,0
11.2,132.0,0.0,10.3,3.0,17.7,1
25.7,182.0,0.0,31.4,2.0,1.2,0
52.1,332.0,4.0,11.0,0.0,11.0,1
33.7,58.0,0.0,24.7,2.0,0.0,0
57.0,93.0,3.0,13.6,0.0,26.5,1
49.3,296.0,0.0,20.2,0.0,0.0,0
39.6,290.0,0.0,25.6,1.0,11.0,1
42.6,227.0,3.0,33.7,1.0,16.9,1
56.0,80.0,4.0,15.6,1.0,31.1,1
35.9,133.0,1.0,4.1,1.0,0.0,0
39.7,78.0,1.0,17.9,1.0,0.0,0
25.3,208.0,0.0,7.9,2.0,10.4,1
56.6,263.0,0.0,8.9,0.0,0.0,0
29.9,90.0,1.0,18.8,2.0,10.7,0
48.6,8.0,4.0,15.0,1.0,30.0,0
35.0,318.0,0.0,9.9,1.0,0.0,0
51.8,256.0,2.0,28.2,0.0,23.5,0
43.0,132.0,4.0,17.7,1.0,17.8,1
42.5,38.0,2.0,20.4,2.0,8.1,0
37.7,207.0,2.0,28.5,1.0,7.5,0
24.6,185.0,0.0,18.4,2.0,0.0,0
54.5,256.0,5.0,18.4,0.0,10.9,1
42.4,285.0,0.0,23.0,1.0,0.0,0
45.3,214.0,0.0,16.9,1.0,0.0,0
10.8,235.0,0.0,5.9,3.0,21.6,0
20.8,168.0,0.0,20.8,2.0,1.8,1
60.4,293.0,0.0,23.1,0.0,0.0,0
46.8,41.0,3.0,19.1,1.0,5.1,0
52.6,247.0,1.0,22.1,0.0,14.5,1
29.5,97.0,0.0,32.4,2.0,13.2,0
25.5,133.0,2.0,10.4,2.0,38.7,0
46.3,9.0,2.0,15.3,1.0,1.1,0
61.5,281.0,0.0,25.5,0.0,11.9,0
54.5,210.0,3.0,32.1,0.0,18.2,0
53.5,244.0,0.0,17.3,0.0,0.0,0
27.4,240.0,4.0,16.2,1.0,0.0,1
49.2,53.0,3.0,18.8,1.0,8.6,1
26.7,245.0,0.0,15.2,2.0,7.4,1
52.0,216.0,2.0,11.0,0.0,13.3,0
22.2,150.0,1.0,14.4,2.0,26.0,0
14.2,242.0,0.0,15.3,2.0,0.0,0
20.6,152.0,1.0,15.8,2.0,30.1,0
46.5,253.0,0.0,8.0,0.0,0.0,0
30.7,71.0,0.0,17.3,2.0,21.2,0
50.0,207.0,0.0,18.8,0.0,0.0,0
39.4,77.0,3.0,17.7,2.0,37.0,0
22.3,193.0,0.0,25.5,2.0,16.1,0
46.6,264.0,0.0,20.2,0.0,0.0,0
42.3,93.0,2.0,19.8,1.0,21.9,1
52.4,59.0,4.0,16.4,1.0,34.9,1
40.8,205.0,3.0,15.7,1.0,10.5,0
23.0,184.0,0.0,18.1,2.0,14.3,0
51.9,198.0,4.0,23.8,0.0,18.5,0
25.9,151.0,1.0,19.2,2.0,26.3,0
24.5,267.0,2.0,26.4,1.0,3.9,0
33.0,263.0,0.0,26.2,1.0,9.4,1
21.5,168.0,0.0,11.8,2.0,18.0,0
44.9,1.0,2.0,18.9,2.0,49.0,1
39.6,40.0,4.0,23.5,2.0,25.8,1
41.6,336.0,0.0,26.0,0.0,0.4,0
63.1,113.0,3.0,9.5,0.0,29.7,1
42.3,248.0,0.0,24.2,1.0,9.4,0
36.6,58.0,0.0,11.6,2.0,0.0,0
57.8,268.0,0.0,12.0,0.0,0.0,0
23.0,126.0,2.0,15.7,2.0,47.7,0
42.6,175.0,1.0,33.3,1.0,9.0,0
14.9,212.0,1.0,6.3,2.0,6.3,1
31.9,118.0,0.0,23.9,2.0,6.3,0
26.2,121.0,0.0,31.4,2.0,4.8,0
29.4,1.0,3.0,25.8,3.0,22.1,1
24.5,284.0,0.0,19.0,1.0,1.0,0
56.3,258.0,2.0,22.7,0.0,8.8,0
48.2,240.0,0.0,29.6,0.0,0.0,0
56.1,257.0,1.0,13.5,0.0,19.9,0
38.1,273.0,2.0,18.6,1.0,5.6,1
35.9,130.0,1.0,18.3,1.0,0.0,0
16.7,138.0,0.0,31.1,3.0,20.9,1
40.5,43.0,1.0,23.8,2.0,0.0,0
57.5,80.0,3.0,8.1,1.0,37.3,1
45.2,31.0,2.0,19.0,1.0,3.2,0
36.2,261.0,0.0,23.5,1.0,5.1,0
59.5,238.0,1.0,29.3,0.0,5.1,0
48.9,258.0,0.0,24.9,0.0,0.0,0
48.7,25.0,2.0,14.5,1.0,0.0,0
60.1,77.0,3.0,8.1,0.0,30.3,1
18.5,244.0,1.0,29.2,2.0,2.6,0
25.3,186.0,4.0,31.3,2.0,17.4,0
59.5,176.0,2.0,16.1,0.0,31.4,1
53.8,89.0,3.0,23.8,1.0,38.6,1
11.8,208.0,0.0,18.0,3.0,19.7,0
11.6,94.0,0.0,27.2,3.0,0.0,1
40.5,56.0,2.0,12.6,2.0,12.7,0
29.8,129.0,0.0,10.8,2.0,5.7,0
54.2,132.0,3.0,27.9,1.0,34.3,1
36.4,282.0,0.0,20.0,1.0,0.0,0
7.8,247.0,0.0,12.7,3.0,4.9,0
37.9,55.0,1.0,14.1,2.0,0.0,0
61.1,285.0,0.0,2.8,0.0,0.0,0
35.3,337.0,1.0,7.9,1.0,12.1,1
37.1,189.0,3.0,15.9,1.0,9.9,0
24.8,1.0,2.0,25.9,3.0,39.2,1
41.6,160.0,4.0,24.1,1.0,25.7,0
69.0,242.0,0.0,25.4,0.0,12.9,0
39.2,85.0,2.0,30.4,1.0,10.7,0
65.9,274.0,1.0,23.8,0.0,13.5,0
39.7,250.0,0.0,3.2,1.0,0.0,0
54.7,236.0,5.0,26.1,0.0,13.4,1
42.2,290.0,0.0,28.8,1.0,12.5,0
14.6,132.0,0.0,15.5,3.0,0.3,1
41.8,257.0,4.0,7.9,0.0,30.9,1
42.6,133.0,4.0,17.9,1.0,20.3,1
34.8,52.0,2.0,21.8,2.0,41.6,0
59.0,270.0,0.0,11.0,0.0,5.5,0
29.0,273.0,0.0,38.6,2.0,12.8,1
52.9,270.0,0.0,6.5,0.0,0.0,0
48.7,221.0,0.0,9.7,0.0,0.0,0
21.4,211.0,0.0,11.2,2.0,7.8,0
79.7,245.0,0.0,17.1,0.0,18.5,0
18.1,196.0,0.0,24.0,2.0,1.9,0
64.5,227.0,1.0,4.4,0.0,13.8,0
25.2,208.0,0.0,16.8,2.0,18.7,0
46.0,221.0,0.0,32.1,1.0,1.6,0
42.0,264.0,1.0,9.5,1.0,4.7,0
54.4,201.0,0.0,12.2,0.0,3.3,0
37.7,250.0,2.0,31.5,1.0,0.0,1
27.6,215.0,0.0,30.9,2.0,10.5,1
47.6,181.0,1.0,20.7,1.0,0.2,0
70.2,269.0,0.0,39.2,0.0,5.5,1
27.5,31.0,1.0,21.7,3.0,35.3,1
32.9,241.0,1.0,13.4,1.0,0.0,0
24.1,139.0,0.0,21.4,2.0,9.4,0
32.6,95.0,1.0,18.0,2.0,2.4,0
62.8,239.0,0.0,19.8,0.0,0.0,0
26.0,147.0,0.0,30.1,2.0,8.4,0
37.7,293.0,1.0,28.5,1.0,8.4,0
55.1,219.0,1.0,15.7,0.0,5.2,0
59.0,255.0,0.0,24.6,0.0,9.7,0
55.9,192.0,4.0,25.9,0.0,19.2,1
41.0,42.0,2.0,13.4,2.0,22.1,0
7.3,230.0,0.0,31.4,3.0,24.1,0
42.3,215.0,3.0,16.8,1.0,20.0,0
20.8,191.0,0.0,26.9,2.0,6.6,1
71.0,192.0,5.0,29.6,0.0,28.1,1
53.7,437.0,1.0,30.5,0.0,16.1,1
43.2,291.0,1.0,26.1,0.0,0.0,0
36.5,1.0,3.0,20.0,3.0,39.5,1
49.9,233.0,0.0,21.2,0.0,5.6,0
34.4,127.0,0.0,22.7,2.0,0.0,0
36.3,18.0,2.0,2.2,2.0,34.5,1
13.4,234.0,0.0,19.3,2.0,4.1,0
41.2,107.0,4.0,17.9,1.0,16.8,1
44.3,99.0,5.0,14.9,1.0,16.8,1
17.8,106.0,0.0,38.4,3.0,1.7,1
25.4,169.0,0.0,13.3,2.0,0.8,0
73.1,302.0,0.0,26.8,0.0,2.8,0
7.9,205.0,0.0,15.9,3.0,31.2,1
34.5,57.0,1.0,12.9,2.0,11.6,0
38.4,40.0,2.0,13.6,2.0,11.3,0
40.4,266.0,0.0,13.0,1.0,0.0,0
27.5,116.0,1.0,23.5,2.0,24.6,0
49.5,48.0,3.0,16.8,1.0,0.6,0
28.8,175.0,1.0,11.9,2.0,13.9,0
44.2,262.0,1.0,25.4,0.0,0.2,0
36.6,65.0,3.0,12.3,2.0,25.0,0
24.7,174.0,0.0,9.5,2.0,6.5,1
51.7,126.0,4.0,18.6,1.0,28.3,1
29.7,246.0,3.0,22.4,1.0,2.8,1
39.1,356.0,2.0,25.5,0.0,5.9,1
41.6,201.0,5.0,18.3,1.0,37.7,0
39.6,57.0,3.0,12.4,2.0,31.9,1
55.5,381.0,1.0,11.5,0.0,17.9,1
27.8,140.0,0.0,26.3,2.0,0.0,0
70.9,250.0,0.0,9.7,0.0,1.2,0
51.8,256.0,0.0,5.7,0.0,0.5,0
31.3,102.0,1.0,21.0,2.0,18.8,0
43.1,203.0,3.0,20.9,1.0,19.8,0
57.6,48.0,4.0,20.4,1.0,28.4,1
48.5,192.0,3.0,18.2,0.0,8.2,0
60.4,294.0,0.0,11.9,0.0,0.0,0
51.5,42.0,1.0,16.6,1.0,0.0,0
22.7,159.0,0.0,27.2,2.0,7.0,0
42.9,216.0,1.0,10.5,1.0,9.1,0
25.0,146.0,0.0,28.0,2.0,22.2,0
35.7,307.0,1.0,9.7,1.0,17.7,1
30.7,149.0,0.0,42.6,2.0,0.0,0
8.6,131.0,2.0,1.0,3.0,0.0,1
21.9,200.0,0.0,22.0,2.0,0.0,0
47.1,125.0,5.0,28.4,1.0,10.3,1
57.9,179.0,4.0,12.6,0.0,19.4,1
30.4,186.0,0.0,22.2,2.0,19.2,1
46.6,114.0,4.0,8.2,1.0,18.8,1
63.1,428.0,1.0,14.5,0.0,29.9,1
35.2,73.0,2.0,14.6,2.0,18.5,0
21.2,78.0,1.0,23.2,2.0,0.0,1
36.9,204.0,3.0,29.4,1.0,17.2,1
30.4,155.0,3.0,22.0,2.0,15.5,1
51.0,163.0,5.0,19.7,0.0,18.9,1
54.4,244.0,0.0,18.5,0.0,11.6,0
46.1,309.0,0.0,16.6,0.0,0.0,0
35.3,69.0,1.0,35.3,2.0,5.6,0
23.0,161.0,0.0,20.1,2.0,11.0,0
42.6,227.0,0.0,27.8,1.0,0.4,0
25.7,118.0,1.0,14.9,2.0,19.2,0
65.6,224.0,4.0,23.1,0.0,28.1,1
43.6,57.0,2.0,16.7,1.0,9.6,0
55.7,239.0,0.0,17.6,0.0,3.0,0
28.5,163.0,0.0,17.3,2.0,8.0,0
58.6,1.0,2.0,35.2,1.0,0.0,0
64.7,223.0,4.0,35.4,0.0,19.1,1
42.6,82.0,1.0,13.7,1.0,0.0,0
37.6,131.0,3.0,22.6,1.0,19.4,1
62.3,258.0,1.0,11.3,0.0,26.3,0
8.7,278.0,0.0,10.9,2.0,18.2,0
37.2,69.0,0.0,5.8,2.0,0.0,0
36.8,83.0,1.0,25.6,2.0,0.0,0
25.0,200.0,1.0,25.0,2.0,15.7,0
24.9,160.0,0.0,23.6,2.0,2.1,1
50.7,125.0,3.0,21.1,1.0,28.5,1
11.7,214.0,0.0,26.3,3.0,0.0,0
26.8,136.0,1.0,29.3,2.0,21.5,0
37.0,28.0,2.0,22.0,2.0,38.1,1
53.7,203.0,0.0,28.2,0.0,12.5,0
29.1,272.0,0.0,33.9,1.0,0.0,0
76.8,269.0,0.0,18.9,0.0,0.0,1
32.9,81.0,1.0,24.1,2.0,2.7,0
32.2,113.0,1.0,21.2,2.0,0.5,0
69.3,105.0,3.0,11.4,0.0,34.2,1
13.0,197.0,0.0,22.0,3.0,29.8,0
29.4,61.0,0.0,15.5,2.0,0.5,0
40.4,62.0,2.0,26.3,1.0,4.9,0
53.6,266.0,0.0,30.4,0.0,0.0,0
25.7,139.0,0.0,2.7,2.0,0.0,0
32.7,108.0,0.0,19.9,2.0,1.5,0
50.3,39.0,1.0,4.3,1.0,0.0,0
56.9,254.0,0.0,34.9,0.0,7.3,0
46.6,233.0,2.0,22.8,0.0,10.4,0
45.6,84.0,4.0,17.3,1.0,24.6,1
33.7,71.0,1.0,18.4,2.0,0.0,0
34.3,64.0,0.0,22.4,2.0,0.0,0
28.4,95.0,1.0,18.9,2.0,22.5,0
36.6,88.0,2.0,21.7,2.0,25.9,0
40.4,283.0,0.0,6.1,1.0,3.5,0
39.7,268.0,0.0,24.8,1.0,0.0,0
57.8,229.0,0.0,28.6,0.0,0.0,0
35.3,304.0,0.0,17.7,1.0,5.0,0
29.6,216.0,2.0,28.5,1.0,0.0,1
53.9,288.0,0.0,8.1,0.0,4.5,0
52.4,260.0,0.0,21.8,0.0,4.0,0
44.6,66.0,2.0,8.0,1.0,0.0,0
62.2,248.0,0.0,24.2,0.0,0.0,0
54.5,177.0,5.0,22.5,0.0,15.5,1
22.7,163.0,0.0,29.7,2.0,18.4,0
46.2,91.0,3.0,20.5,1.0,22.5,1
15.4,133.0,4.0,13.4,2.0,0.0,1
31.7,132.0,1.0,19.6,2.0,6.8,0
42.2,1.0,3.0,16.2,2.0,37.4,1
36.8,235.0,0.0,3.4,1.0,0.0,0
38.2,256.0,3.0,18.9,1.0,17.8,0
53.0,319.0,0.0,15.8,0.0,0.0,0
55.1,318.0,0.0,30.7,0.0,0.0,0
39.9,156.0,3.0,27.5,1.0,14.2,0
14.9,122.0,3.0,17.7,2.0,0.0,1
31.8,236.0,0.0,26.9,1.0,7.8,1
54.1,400.0,4.0,18.2,0.0,15.8,1
26.3,219.0,2.0,25.6,2.0,6.2,0
25.6,163.0,0.0,25.2,2.0,0.0,0
55.3,1.0,2.0,15.3,1.0,53.9,1
33.4,344.0,0.0,28.7,1.0,0.0,0
30.0,79.0,1.0,26.4,2.0,21.0,0
37.6,298.0,0.0,28.4,1.0,0.0,0
19.8,130.0,1.0,22.2,2.0,0.0,1
30.5,230.0,1.0,24.9,1.0,0.0,0
27.6,162.0,1.0,4.2,2.0,2.4,1
20.6,272.0,1.0,14.6,2.0,12.1,1
56.9,411.0,3.0,17.6,0.0,20.9,1
29.9,154.0,0.0,29.3,2.0,0.0,0
40.5,258.0,0.0,46.6,1.0,0.1,0
22.9,115.0,0.0,30.7,2.0,11.0,0
52.3,1.0,3.0,8.2,1.0,0.0,0
39.5,72.0,0.0,25.9,2.0,0.0,0
23.6,212.0,0.0,27.9,2.0,17.1,0
13.3,223.0,0.0,27.6,2.0,23.9,0
23.0,258.0,0.0,8.6,2.0,7.2,1
40.2,276.0,0.0,19.2,1.0,6.1,0
44.7,78.0,1.0,9.9,1.0,0.0,0
51.7,269.0,0.0,1.8,0.0,8.6,0
20.7,169.0,0.0,22.5,2.0,2.5,0
72.8,98.0,4.0,22.6,0.0,35.4,1
46.6,49.0,2.0,26.4,1.0,0.0,0
54.6,255.0,4.0,3.8,0.0,24.3,0
14.7,148.0,0.0,18.7,3.0,8.0,1
36.1,114.0,4.0,26.9,1.0,16.0,1
29.9,225.0,3.0,17.8,1.0,3.7,0
40.1,68.0,2.0,16.4,1.0,3.2,0
52.3,236.0,0.0,8.6,0.0,0.0,0
56.4,251.0,0.0,8.6,0.0,0.0,0
33.4,290.0,0.0,33.8,1.0,0.0,0
22.3,173.0,1.0,16.0,2.0,20.9,0
49.7,239.0,0.0,37.9,0.0,0.0,0
63.8,293.0,0.0,25.4,0.0,0.0,0
68.7,223.0,0.0,10.5,0.0,10.0,0
38.6,126.0,2.0,28.7,1.0,10.6,0
55.4,1.0,2.0,28.5,1.0,0.0,0
63.6,295.0,0.0,19.7,0.0,0.0,0
49.2,245.0,3.0,15.2,0.0,26.7,0
45.0,83.0,2.0,10.5,1.0,31.4,1
51.8,269.0,0.0,15.8,0.0,0.0,0
37.0,106.0,2.0,13.4,2.0,13.9,0
48.4,19.0,3.0,19.4,1.0,38.6,1
34.9,210.0,1.0,25.9,1.0,0.0,1
44.8,65.0,2.0,26.4,1.0,0.0,0
62.5,233.0,0.0,31.0,0.0,6.7,0
65.6,173.0,4.0,16.6,0.0,19.4,1
17.1,189.0,0.0,4.7,2.0,17.7,0
56.9,160.0,3.0,11.7,0.0,14.1,0
30.9,125.0,1.0,30.8,2.0,0.0,0
29.0,310.0,0.0,22.0,1.0,0.0,0
65.2,240.0,4.0,7.5,0.0,10.7,1
18.3,265.0,0.0,11.3,2.0,0.0,0
7.6,157.0,0.0,31.9,3.0,5.3,1
51.1,244.0,6.0,21.3,0.0,8.5,1
25.7,193.0,1.0,18.3,2.0,6.4,1
46.4,245.0,0.0,19.8,0.0,0.0,0
56.0,145.0,4.0,15.1,0.0,33.3,1
65.4,245.0,0.0,9.0,0.0,0.0,0
34.8,119.0,2.0,24.7,2.0,19.8,0
36.5,222.0,0.0,3.4,1.0,0.0,0
6.1,214.0,0.0,13.4,3.0,14.6,0
49.3,229.0,4.0,13.7,0.0,21.9,0
23.2,161.0,0.0,7.8,2.0,16.2,0
28.7,135.0,1.0,19.1,2.0,13.9,0
59.8,130.0,4.0,20.0,0.0,30.3,1
25.8,204.0,1.0,11.4,2.0,0.0,1
31.5,85.0,1.0,19.6,2.0,6.1,0
12.6,88.0,1.0,18.3,3.0,0.0,1
43.1,351.0,3.0,23.9,0.0,6.0,1
46.7,163.0,4.0,12.6,1.0,18.2,1
25.4,188.0,0.0,14.2,2.0,0.0,0
9.0,216.0,0.0,25.4,3.0,6.7,0
47.8,233.0,2.0,23.2,0.0,11.4,0
14.1,183.0,0.0,19.8,3.0,21.6,0
31.0,169.0,0.0,17.8,2.0,0.0,0
35.2,227.0,0.0,36.9,1.0,0.0,0
57.4,194.0,3.0,36.7,0.0,15.1,0
21.4,212.0,0.0,19.6,2.0,8.4,1
27.1,144.0,0.0,20.3,2.0,6.9,0
23.5,265.0,0.0,12.2,2.0,0.0,0
49.4,262.0,0.0,26.5,0.0,0.0,0
28.9,123.0,0.0,21.4,2.0,0.0,0
44.7,1.0,2.0,30.3,2.0,0.0,0
36.6,242.0,0.0,12.5,1.0,0.0,0
47.0,165.0,3.0,27.2,1.0,21.6,1
60.8,5.0,4.0,5.5,0.0,0.0,0
38.0,74.0,1.0,22.7,2.0,0.0,0
41.3,304.0,1.0,25.4,0.0,6.1,1
34.5,166.0,2.0,20.1,1.0,0.0,1
26.3,130.0,0.0,24.7,2.0,0.0,0
33.8,169.0,5.0,17.2,1.0,29.1,0
30.6,257.0,0.0,31.7,1.0,0.0,0
44.3,4.0,2.0,15.4,2.0,39.0,1
21.9,190.0,1.0,16.1,2.0,26.9,0
7.2,241.0,0.0,22.1,3.0,38.0,0
50.0,391.0,2.0,6.5,0.0,20.3,1
40.5,216.0,7.0,23.5,0.0,0.0,1
44.9,47.0,1.0,32.0,1.0,0.0,0
40.6,51.0,2.0,10.5,2.0,34.8,1
46.7,401.0,1.0,17.4,0.0,4.4,1
58.9,223.0,0.0,10.7,0.0,0.0,0
50.9,1.0,1.0,17.2,1.0,0.0,0
54.0,1.0,2.0,25.0,1.0,0.0,0
68.8,295.0,0.0,18.8,0.0,12.3,0
34.1,110.0,0.0,24.6,2.0,0.0,0
57.7,200.0,1.0,9.5,0.0,5.4,0
26.9,226.0,2.0,30.1,1.0,5.7,0
62.5,220.0,5.0,32.6,0.0,6.6,1
25.9,117.0,0.0,18.7,2.0,0.0,0
33.4,260.0,3.0,23.1,1.0,4.0,1
85.4,172.0,0.0,14.9,0.0,12.0,0
46.7,341.0,0.0,24.5,0.0,23.7,1
41.3,40.0,2.0,29.3,2.0,33.0,1
22.6,128.0,0.0,20.4,2.0,11.9,0
29.7,235.0,0.0,12.6,1.0,0.0,0
40.2,33.0,3.0,32.5,2.0,22.6,0
37.1,188.0,3.0,36.3,1.0,14.0,0
52.6,324.0,0.0,23.8,0.0,3.4,0
18.5,139.0,3.0,25.2,2.0,0.3,1
75.9,287.0,0.0,31.5,0.0,0.0,0
30.2,123.0,1.0,7.9,2.0,12.6,0
45.1,226.0,5.0,9.5,0.0,6.9,1
38.0,88.0,1.0,26.3,2.0,0.0,0
27.4,253.0,2.0,32.5,1.0,2.1,1
61.7,215.0,1.0,22.4,0.0,13.8,0
17.4,143.0,0.0,4.1,3.0,21.0,0
64.6,207.0,3.0,29.1,0.0,14.5,0
43.3,60.0,4.0,25.2,1.0,24.2,1
75.5,288.0,0.0,28.2,0.0,5.8,0
48.3,282.0,0.0,32.9,0.0,0.0,0
34.1,59.0,0.0,12.4,2.0,0.0,0
47.1,11.0,3.0,27.9,1.0,18.1,0
37.1,83.0,1.0,18.6,2.0,0.0,0
45.5,211.0,0.0,16.8,1.0,0.0,0
58.2,406.0,4.0,24.6,0.0,2.1,1
48.9,9.0,2.0,6.8,1.0,0.0,0
62.1,215.0,0.0,17.8,0.0,1.5,0
33.6,95.0,0.0,26.4,2.0,1.4,0
36.5,322.0,0.0,34.5,1.0,3.5,0
19.3,195.0,0.0,21.3,2.0,4.2,0
54.5,312.0,0.0,15.8,0.0,16.8,1
36.1,136.0,0.0,21.2,1.0,0.0,0
58.4,188.0,1.0,20.1,0.0,7.5,1
29.4,139.0,0.0,5.6,2.0,0.0,0
44.4,242.0,0.0,6.4,1.0,0.0,0
51.3,273.0,2.0,30.0,0.0,17.2,1
51.3,257.0,0.0,2.0,0.0,0.0,0
50.9,14.0,3.0,17.7,1.0,6.6,0
33.7,164.0,0.0,18.9,1.0,0.0,0
50.8,265.0,0.0,15.9,0.0,0.0,0
39.8,267.0,0.0,18.3,1.0,0.0,0
41.6,428.0,2.0,1.7,0.0,14.0,1
47.3,248.0,0.0,22.0,0.0,0.0,0
85.1,210.0,0.0,16.9,0.0,19.0,0
47.7,274.0,1.0,13.6,0.0,1.9,0
52.8,421.0,5.0,21.0,0.0,0.2,1
37.6,319.0,0.0,18.1,1.0,21.1,1
35.9,80.0,1.0,28.1,2.0,6.2,0
43.5,193.0,1.0,14.9,1.0,11.3,0
26.8,108.0,0.0,24.0,2.0,16.6,0
42.7,242.0,0.0,19.1,1.0,0.0,0
29.5,251.0,2.0,8.9,1.0,0.0,1
50.8,288.0,5.0,24.2,0.0,0.0,1
34.3,91.0,2.0,21.0,2.0,9.5,0
43.2,41.0,2.0,30.6,2.0,39.5,1
37.0,104.0,5.0,26.5,1.0,15.9,1
33.2,311.0,0.0,21.4,1.0,24.8,1
71.2,243.0,0.0,29.5,0.0,0.0,1
58.3,224.0,0.0,38.5,0.0,6.4,0
62.7,206.0,0.0,24.4,0.0,0.0,0
55.7,224.0,1.0,10.5,0.0,2.5,0
34.3,199.0,1.0,25.3,1.0,3.1,1
28.8,134.0,0.0,28.2,2.0,0.0,0
48.9,1.0,2.0,28.7,2.0,37.8,1
68.5,229.0,1.0,8.7,0.0,18.6,0
45.9,246.0,3.0,34.3,0.0,1.8,1
32.0,224.0,1.0,25.0,1.0,1.0,1
53.1,198.0,0.0,30.8,0.0,0.0,0
40.8,279.0,1.0,32.8,1.0,10.3,1
19.7,228.0,3.0,27.1,2.0,0.0,1
57.5,220.0,1.0,39.1,0.0,23.1,0
16.3,247.0,0.0,17.2,2.0,6.0,0
52.0,256.0,0.0,21.1,0.0,2.7,0
41.0,293.0,3.0,10.9,0.0,0.0,1
20.9,161.0,0.0,27.1,2.0,4.7,0
14.8,188.0,0.0,3.3,3.0,15.6,0
0.0,279.0,0.0,18.4,3.0,33.8,0
46.3,217.0,2.0,28.1,0.0,17.2,0
31.3,73.0,0.0,19.9,2.0,0.0,0
52.6,218.0,0.0,24.3,0.0,7.4,0
58.3,209.0,0.0,10.6,0.0,1.0,0
19.4,168.0,0.0,19.1,2.0,14.4,1
54.5,246.0,3.0,7.5,0.0,17.0,0
37.9,210.0,0.0,28.6,1.0,0.0,0
30.3,268.0,0.0,25.2,1.0,0.0,0
22.2,165.0,0.0,21.8,2.0,18.6,0
30.3,76.0,1.0,15.8,2.0,25.0,0
58.6,259.0,0.0,1.0,0.0,1.9,0
55.5,247.0,1.0,17.9,0.0,18.6,0
37.3,118.0,0.0,11.1,1.0,0.0,0
56.8,259.0,1.0,36.9,0.0,6.0,0
64.2,49.0,3.0,19.9,0.0,39.4,1
53.0,41.0,3.0,19.0,1.0,0.0,0
60.4,237.0,2.0,19.2,0.0,16.3,0
47.2,97.0,3.0,11.8,1.0,24.5,1
55.3,251.0,3.0,16.6,0.0,26.0,0
40.1,280.0,1.0,8.5,0.0,0.0,1
24.8,104.0,0.0,23.4,2.0,0.0,1
43.5,70.0,2.0,13.7,1.0,0.0,0
44.0,289.0,1.0,26.5,0.0,7.6,1
60.5,182.0,4.0,27.9,0.0,23.0,1
30.9,242.0,1.0,25.5,1.0,0.0,1
42.2,216.0,2.0,17.2,1.0,6.9,0
30.0,171.0,0.0,25.2,2.0,0.0,0
51.0,1.0,3.0,11.3,1.0,4.3,0
52.6,219.0,0.0,31.3,0.0,0.0,0
29.7,134.0,0.0,13.9,2.0,12.4,0
17.1,152.0,0.0,26.7,3.0,0.0,0
44.9,245.0,1.0,33.5,0.0,2.1,0
53.9,248.0,0.0,9.6,0.0,16.5,0
30.6,136.0,0.0,29.7,2.0,5.3,0
62.3,195.0,0.0,22.3,0.0,0.0,0
20.2,192.0,0.0,9.3,2.0,9.3,0
58.4,239.0,0.0,14.4,0.0,0.0,0
35.7,71.0,2.0,34.4,2.0,11.5,0
30.3,284.0,3.0,15.2,1.0,0.0,1
42.0,361.0,0.0,26.7,0.0,17.1,1
40.3,61.0,1.0,19.8,2.0,0.0,0
39.7,207.0,2.0,20.7,1.0,14.1,0
32.5,55.0,1.0,34.5,2.0,4.2,0
22.2,161.0,0.0,11.4,2.0,10.5,0
41.5,216.0,2.0,13.0,1.0,10.5,0
39.2,238.0,1.0,21.7,1.0,4.7,0
19.9,171.0,0.0,17.2,2.0,12.5,0
13.5,168.0,1.0,8.4,2.0,7.0,1
38.2,412.0,1.0,22.6,0.0,13.1,1
52.3,76.0,4.0,24.8,1.0,23.5,1
24.3,14.0,3.0,23.6,3.0,14.7,1
45.1,253.0,1.0,13.2,0.0,13.8,0
15.0,125.0,0.0,21.1,3.0,15.4,1
27.7,86.0,1.0,10.1,2.0,23.5,0
35.1,247.0,4.0,18.8,1.0,0.0,1
0.0,359.0,0.0,21.3,3.0,36.7,0
24.3,141.0,0.0,28.3,2.0,12.1,0
42.0,233.0,1.0,29.4,1.0,9.6,0
65.8,274.0,0.0,17.3,0.0,1.4,0
34.6,108.0,1.0,17.2,2.0,0.0,0
46.5,215.0,0.0,15.6,1.0,6.5,1
16.2,179.0,0.0,22.6,2.0,21.7,0
29.9,125.0,1.0,29.3,2.0,15.0,0
44.0,106.0,2.0,25.8,1.0,30.3,1
53.1,233.0,1.0,11.0,0.0,11.0,0
29.3,155.0,0.0,29.2,2.0,0.0,0
16.6,89.0,0.0,23.3,3.0,0.0,1
22.4,183.0,0.0,19.8,2.0,7.7,1
36.4,71.0,1.0,17.6,2.0,0.0,0
41.2,293.0,0.0,32.0,1.0,21.3,1
32.7,97.0,2.0,25.5,2.0,22.8,0
62.9,237.0,4.0,20.1,0.0,18.7,1
57.5,51.0,1.0,25.1,1.0,45.0,1
39.5,171.0,5.0,32.0,1.0,22.5,0
58.6,214.0,4.0,12.4,0.0,15.0,1
57.5,259.0,0.0,28.9,0.0,0.0,0
43.2,269.0,0.0,36.4,0.0,0.0,0
30.4,236.0,0.0,30.6,1.0,0.0,0
43.6,131.0,5.0,38.1,1.0,26.3,0
57.5,103.0,3.0,26.5,0.0,31.6,1
40.4,250.0,0.0,12.0,1.0,0.0,0
39.9,393.0,0.0,18.9,0.0,26.1,1
14.1,199.0,0.0,19.0,2.0,10.1,0
43.9,265.0,0.0,36.6,0.0,1.3,0
52.0,1.0,3.0,24.0,1.0,0.0,0
47.0,1.0,2.0,22.5,1.0,6.2,0
44.0,228.0,0.0,10.2,1.0,0.0,0
34.7,132.0,2.0,21.2,1.0,16.4,0
45.8,111.0,3.0,14.3,1.0,29.8,1
54.2,255.0,0.0,36.9,0.0,4.6,0
42.3,64.0,3.0,19.4,1.0,14.8,0
23.3,165.0,0.0,26.3,2.0,13.2,1
22.2,149.0,0.0,8.5,2.0,8.8,0
28.3,149.0,1.0,13.7,2.0,0.0,1
38.2,200.0,0.0,24.6,1.0,4.2,1
32.8,274.0,6.0,26.2,0.0,0.0,1
14.8,181.0,0.0,16.1,3.0,18.0,0
41.4,396.0,0.0,13.8,0.0,21.8,1
38.1,62.0,1.0,23.5,2.0,3.2,0
34.3,174.0,2.0,7.0,1.0,8.7,0
27.2,151.0,1.0,14.1,2.0,21.6,0
35.9,291.0,0.0,14.3,1.0,0.0,0
26.3,300.0,2.0,30.6,1.0,10.2,1
5.1,134.0,0.0,27.1,3.0,4.2,1
40.9,172.0,4.0,31.0,1.0,9.5,1
43.9,274.0,0.0,31.4,0.0,0.0,0
10.3,98.0,0.0,11.2,3.0,0.0,1
14.3,69.0,1.0,16.5,3.0,0.0,1
34.5,8.0,4.0,28.4,2.0,26.0,1
43.3,187.0,3.0,13.8,1.0,11.8,0
28.4,138.0,0.0,25.7,2.0,5.0,0
49.1,11.0,2.0,19.9,1.0,0.0,0
27.6,251.0,1.0,27.2,1.0,5.3,0
37.0,320.0,0.0,12.2,1.0,0.0,0
55.7,241.0,4.0,24.9,0.0,15.0,1
36.4,134.0,5.0,15.4,1.0,9.4,1
34.5,16.0,2.0,24.2,2.0,32.0,1
19.5,172.0,0.0,31.5,2.0,6.4,1
47.6,175.0,4.0,9.4,1.0,22.5,1
50.9,238.0,0.0,26.0,0.0,9.1,0
30.1,262.0,1.0,24.1,1.0,4.7,0
44.2,321.0,0.0,19.6,0.0,0.0,0
22.3,144.0,0.0,33.5,2.0,17.5,0
36.6,294.0,0.0,23.5,1.0,13.8,1
53.8,189.0,0.0,17.4,0.0,0.0,0
50.9,1.0,2.0,21.6,1.0,0.0,0
25.0,150.0,0.0,24.0,2.0,10.1,0
50.9,29.0,3.0,20.6,1.0,0.0,0
29.4,227.0,2.0,30.4,1.0,1.1,1
68.1,218.0,1.0,14.0,0.0,11.5,0
5.9,287.0,0.0,9.8,3.0,0.8,0
2.6,297.0,0.0,37.2,3.0,34.5,0
39.7,28.0,2.0,23.9,2.0,9.6,0
29.1,226.0,5.0,22.3,1.0,0.0,1
21.4,170.0,1.0,24.7,2.0,0.7,1
44.1,297.0,0.0,30.7,0.0,0.0,0
43.5,278.0,1.0,28.0,0.0,0.0,1
45.9,208.0,5.0,24.4,0.0,32.6,0
34.1,89.0,1.0,16.7,2.0,5.7,0
19.3,185.0,1.0,23.3,2.0,5.3,1
53.3,264.0,0.0,11.7,0.0,0.0,0
36.3,37.0,2.0,24.6,2.0,23.1,0
65.6,251.0,0.0,24.5,0.0,6.0,0
44.7,243.0,1.0,17.9,0.0,9.8,0
59.4,117.0,2.0,23.0,0.0,29.9,1
46.9,269.0,0.0,25.3,0.0,7.3,1
32.9,101.0,1.0,17.8,2.0,2.7,0
33.6,113.0,0.0,31.5,2.0,0.0,0
56.1,91.0,4.0,1.0,0.0,22.0,1
32.5,173.0,0.0,17.1,1.0,0.0,0
46.1,224.0,1.0,16.6,0.0,0.0,0
41.6,28.0,2.0,26.9,2.0,5.8,0
69.3,1.0,4.0,19.5,0.0,0.0,0
33.4,299.0,1.0,18.5,1.0,7.4,0
36.7,183.0,4.0,13.3,1.0,13.6,0
32.6,226.0,3.0,24.2,1.0,13.3,0
26.2,277.0,1.0,34.9,1.0,4.2,1
80.0,219.0,1.0,16.3,0.0,19.1,0
42.1,229.0,3.0,19.3,1.0,20.3,0
52.5,205.0,0.0,31.0,0.0,0.0,0
35.7,212.0,5.0,33.1,1.0,27.7,0
37.7,115.0,1.0,23.8,1.0,0.0,0
27.7,87.0,4.0,6.0,2.0,3.8,1
60.2,255.0,2.0,11.5,0.0,15.7,0
31.6,91.0,0.0,19.7,2.0,0.0,0
28.2,289.0,0.0,22.5,1.0,12.4,1
20.1,191.0,0.0,13.3,2.0,7.5,1
57.6,176.0,4.0,30.8,0.0,25.4,1
47.8,214.0,2.0,19.1,0.0,3.0,0
54.3,305.0,0.0,25.8,0.0,0.0,0
42.4,278.0,0.0,21.7,1.0,7.7,0
45.0,225.0,2.0,9.6,0.0,11.2,0
37.8,218.0,1.0,13.1,1.0,9.9,0
15.0,180.0,0.0,20.3,3.0,3.1,0
32.6,83.0,2.0,9.4,2.0,15.5,0
25.3,157.0,2.0,29.8,2.0,34.0,0
64.3,138.0,2.0,18.6,0.0,35.9,1
36.4,41.0,2.0,4.2,2.0,30.5,1
35.3,72.0,2.0,27.6,2.0,6.5,0
35.3,71.0,2.0,29.6,2.0,17.7,0
19.0,179.0,0.0,21.6,2.0,21.0,0
27.7,241.0,1.0,13.1,1.0,1.0,1
24.2,136.0,1.0,8.3,2.0,28.9,0
53.4,182.0,0.0,36.4,0.0,0.6,0
41.2,67.0,1.0,23.6,1.0,0.0,0
58.8,75.0,4.0,2.4,0.0,27.8,1
29.8,148.0,0.0,27.2,2.0,0.0,1
55.1,225.0,0.0,20.7,0.0,0.0,0
36.5,390.0,1.0,15.8,0.0,15.7,1
49.1,37.0,2.0,5.9,1.0,0.0,0
22.3,161.0,0.0,29.7,2.0,7.6,0
27.1,295.0,2.0,26.8,1.0,5.7,0
33.8,90.0,1.0,16.9,2.0,9.3,0
34.1,168.0,1.0,27.5,1.0,6.0,1
23.4,293.0,0.0,15.4,1.0,9.3,1
28.6,131.0,0.0,9.4,2.0,15.6,0
25.6,258.0,0.0,23.5,2.0,0.0,0
85.2,235.0,0.0,30.1,0.0,12.8,0
60.8,195.0,4.0,18.3,0.0,21.8,1
18.9,162.0,0.0,16.8,2.0,7.7,1
54.4,258.0,0.0,16.8,0.0,5.0,0
43.7,210.0,3.0,7.2,1.0,8.9,0
50.2,12.0,2.0,17.3,1.0,0.0,0
50.4,213.0,0.0,17.5,0.0,0.0,0
31.1,117.0,1.0,15.6,2.0,14.2,0
49.5,322.0,0.0,18.0,0.0,0.0,0
41.1,219.0,2.0,7.0,1.0,8.7,0
33.0,271.0,1.0,23.8,1.0,0.0,0
42.8,226.0,1.0,17.9,1.0,0.0,0
38.3,273.0,1.0,25.5,1.0,8.6,1
34.8,142.0,0.0,17.2,2.0,10.2,1
42.1,113.0,0.0,24.6,1.0,0.0,0
45.8,75.0,4.0,12.2,1.0,27.8,1
18.2,196.0,0.0,23.9,2.0,7.0,0
31.0,247.0,0.0,4.2,1.0,8.7,1
48.3,199.0,4.0,18.0,0.0,20.2,1
37.2,88.0,0.0,24.8,2.0,0.0,0
27.7,133.0,1.0,16.5,2.0,20.2,0
61.9,252.0,0.0,26.2,0.0,12.6,0
18.3,205.0,1.0,26.8,2.0,0.9,1
39.7,267.0,0.0,16.7,1.0,0.0,0
49.1,423.0,3.0,13.3,0.0,14.4,1
27.2,151.0,0.0,11.7,2.0,1.8,0
69.4,162.0,4.0,3.4,0.0,30.1,1
18.4,127.0,0.0,11.4,3.0,11.2,1
57.3,260.0,0.0,1.0,0.0,1.4,0
20.5,153.0,2.0,13.1,2.0,0.0,0
44.5,38.0,3.0,23.0,1.0,28.9,1
73.0,306.0,0.0,18.8,0.0,0.0,0
51.1,22.0,1.0,34.1,1.0,45.8,1
22.9,158.0,0.0,20.7,2.0,6.7,0
33.9,227.0,5.0,13.7,1.0,28.4,0
24.7,239.0,0.0,30.8,2.0,9.7,1
48.6,424.0,1.0,18.7,0.0,22.2,1
66.7,257.0,0.0,19.7,0.0,5.4,0
40.0,268.0,0.0,27.6,1.0,0.0,0
51.1,238.0,0.0,25.6,0.0,4.6,0
41.6,171.0,3.0,20.3,1.0,17.4,0
31.4,81.0,1.0,28.5,2.0,11.0,0
54.9,238.0,0.0,19.7,0.0,0.0,0
47.2,43.0,2.0,21.7,1.0,2.4,0
40.3,115.0,3.0,21.2,1.0,29.3,1
63.3,288.0,0.0,11.6,0.0,0.0,0
33.2,101.0,2.0,21.8,2.0,21.2,0
77.7,212.0,0.0,31.0,0.0,6.5,0
61.9,283.0,0.0,9.9,0.0,1.1,0
23.9,122.0,5.0,36.1,2.0,3.7,1
23.7,177.0,0.0,27.7,2.0,8.1,0
16.3,94.0,4.0,34.3,2.0,0.0,1
54.4,187.0,1.0,15.9,0.0,0.8,0
32.7,246.0,1.0,4.0,1.0,7.4,1
23.6,166.0,0.0,18.8,2.0,11.4,0
42.9,300.0,0.0,13.8,0.0,0.0,1
33.1,109.0,0.0,10.5,2.0,0.0,0
40.1,240.0,0.0,17.2,1.0,8.3,0
16.0,192.0,0.0,44.9,2.0,0.0,0
43.6,178.0,5.0,22.7,1.0,9.6,1
26.0,119.0,0.0,13.5,2.0,6.0,0
37.7,261.0,0.0,21.4,1.0,5.1,0
59.0,204.0,0.0,7.6,0.0,0.0,0
34.8,243.0,2.0,18.6,1.0,20.1,0
32.3,90.0,1.0,25.6,2.0,12.3,0
41.1,267.0,2.0,2.3,1.0,11.5,0
39.5,319.0,4.0,13.2,0.0,2.1,1
29.7,298.0,0.0,5.8,1.0,6.5,1
50.6,1.0,3.0,18.8,1.0,13.7,0
42.9,276.0,0.0,18.1,1.0,0.0,0
31.0,271.0,0.0,26.0,1.0,0.0,0
8.0,226.0,0.0,21.1,3.0,12.0,0
24.6,175.0,0.0,20.0,2.0,9.8,0
41.9,189.0,1.0,23.8,1.0,6.5,0
24.9,146.0,0.0,31.1,2.0,14.8,1
28.3,159.0,1.0,17.6,2.0,7.6,0
68.5,244.0,0.0,38.5,0.0,2.6,0
27.0,124.0,1.0,15.1,2.0,12.2,0
29.6,122.0,0.0,16.6,2.0,0.0,0
33.3,120.0,1.0,21.7,2.0,0.0,0
27.1,215.0,3.0,23.2,1.0,9.2,0
45.2,70.0,3.0,24.1,1.0,31.6,1
58.4,284.0,0.0,24.8,0.0,0.0,0
24.0,174.0,0.0,9.0,2.0,13.1,0
29.5,131.0,0.0,13.4,2.0,0.0,0
65.5,359.0,0.0,15.9,0.0,0.0,0
47.9,255.0,2.0,21.9,0.0,12.0,0
55.1,190.0,2.0,27.6,0.0,3.4,0
51.4,257.0,1.0,30.0,0.0,11.9,0
0.0,263.0,0.0,15.4,3.0,22.1,0
20.6,159.0,5.0,21.4,2.0,24.3,0
51.6,366.0,2.0,15.7,0.0,7.7,1
55.6,239.0,2.0,23.1,0.0,26.3,0
52.2,212.0,0.0,23.6,0.0,8.9,0
21.1,248.0,2.0,26.7,2.0,9.9,0
25.8,206.0,0.0,8.5,2.0,6.1,1
25.4,114.0,0.0,14.8,2.0,12.1,0
29.9,148.0,0.0,25.3,2.0,12.4,0
41.4,55.0,1.0,19.9,1.0,0.0,0
51.8,3.0,3.0,13.8,1.0,0.0,0
49.6,1.0,1.0,16.7,1.0,0.0,0
24.4,160.0,1.0,15.8,2.0,30.9,0
24.7,198.0,0.0,31.4,2.0,0.0,0
29.4,218.0,4.0,35.1,1.0,28.3,0
40.5,186.0,4.0,20.3,1.0,14.7,1
49.8,287.0,0.0,23.3,0.0,1.9,0
46.3,286.0,0.0,14.6,0.0,4.5,0
47.6,202.0,1.0,21.6,0.0,1.2,0
12.1,233.0,0.0,34.8,2.0,9.6,0
41.1,331.0,0.0,34.9,0.0,11.9,1
47.2,190.0,3.0,27.5,0.0,17.0,0
33.8,30.0,3.0,8.6,2.0,28.7,1
50.4,113.0,3.0,14.8,1.0,30.8,1
35.5,74.0,1.0,21.2,2.0,4.9,0
64.3,148.0,4.0,28.9,0.0,20.6,1
59.2,1.0,1.0,23.1,1.0,47.6,1
20.3,187.0,1.0,8.4,2.0,39.3,0
41.1,234.0,0.0,28.7,1.0,0.0,0
35.9,121.0,4.0,24.9,1.0,12.0,1
33.0,80.0,0.0,18.6,2.0,5.3,0
59.0,203.0,3.0,30.3,0.0,29.6,0
57.0,251.0,6.0,4.4,0.0,0.0,1
35.6,317.0,1.0,31.2,1.0,9.0,1
38.9,65.0,0.0,18.0,2.0,0.0,0
2.9,81.0,1.0,22.0,3.0,2.4,1
25.6,120.0,0.0,20.2,2.0,9.0,0
37.7,320.0,0.0,22.5,1.0,0.0,0
40.3,321.0,0.0,22.9,1.0,3.6,0
62.4,275.0,0.0,21.9,0.0,0.0,0
16.5,198.0,1.0,28.2,2.0,36.0,0
46.0,39.0,2.0,26.2,1.0,0.0,0
36.8,161.0,0.0,22.7,1.0,0.0,0
32.4,120.0,0.0,19.0,2.0,0.0,0
32.6,131.0,1.0,23.7,2.0,7.7,0
52.5,210.0,1.0,31.9,0.0,10.0,0
55.5,139.0,5.0,20.6,0.0,22.5,1
27.8,158.0,0.0,17.2,2.0,0.0,0
56.8,270.0,4.0,10.1,0.0,9.1,1
52.8,202.0,2.0,17.8,0.0,13.9,0
28.2,124.0,1.0,26.0,2.0,22.7,0
15.9,192.0,0.0,27.6,2.0,13.7,0
50.2,281.0,5.0,25.4,0.0,2.6,1
40.5,266.0,2.0,22.6,1.0,8.6,0
36.6,86.0,2.0,24.5,2.0,16.7,0
30.1,49.0,1.0,31.0,2.0,36.6,1
21.9,177.0,0.0,7.2,2.0,1.7,1
41.7,80.0,1.0,20.9,1.0,0.0,0
46.8,252.0,0.0,10.5,0.0,0.0,0
67.1,268.0,0.0,20.3,0.0,0.0,0
45.1,244.0,0.0,24.9,1.0,0.0,0
18.3,179.0,0.0,10.7,2.0,9.8,0
55.2,319.0,1.0,29.4,0.0,16.3,0
49.6,191.0,4.0,1.0,0.0,27.0,0
29.8,46.0,1.0,28.6,2.0,12.9,0
57.6,249.0,1.0,29.8,0.0,3.3,0
18.8,235.0,2.0,5.8,2.0,4.2,0
36.6,122.0,0.0,15.5,1.0,0.0,0
50.4,242.0,2.0,24.1,0.0,14.5,0
60.0,31.0,2.0,6.6,1.0,51.6,1
27.2,143.0,0.0,1.0,2.0,0.0,0
17.7,178.0,0.0,8.8,2.0,9.3,0
53.8,304.0,6.0,34.2,0.0,0.0,1
58.3,168.0,2.0,12.1,0.0,9.0,0
43.6,30.0,2.0,26.4,1.0,0.0,1
7.8,202.0,0.0,19.6,3.0,24.2,0
40.5,43.0,1.0,8.9,2.0,0.0,0
37.6,81.0,2.0,18.0,2.0,28.6,1
25.9,142.0,0.0,21.7,2.0,0.0,0
10.3,165.0,0.0,28.5,3.0,0.0,1
41.4,227.0,3.0,27.9,1.0,19.5,0
46.5,215.0,2.0,20.8,1.0,17.6,0
42.3,293.0,4.0,18.3,0.0,0.0,1
38.7,233.0,0.0,28.3,1.0,0.0,0
34.0,114.0,1.0,25.3,2.0,0.0,0
29.8,144.0,1.0,23.2,2.0,0.0,0
39.4,320.0,0.0,26.7,1.0,9.6,1
25.3,141.0,0.0,23.0,2.0,10.1,0
61.5,161.0,3.0,16.6,0.0,26.6,1
43.7,228.0,0.0,26.3,1.0,0.0,0
52.3,286.0,2.0,13.2,0.0,10.4,0
35.1,79.0,1.0,8.1,2.0,2.2,0
61.6,254.0,4.0,26.8,0.0,15.6,1
51.0,211.0,1.0,11.2,0.0,0.9,0
11.9,144.0,0.0,36.5,3.0,21.3,1
40.0,48.0,1.0,29.0,2.0,0.0,0
63.3,214.0,0.0,12.7,0.0,1.6,0
63.8,274.0,0.0,19.6,0.0,5.5,0
58.4,195.0,4.0,17.6,0.0,8.9,1
69.6,239.0,0.0,25.4,0.0,0.0,0
48.2,243.0,2.0,17.6,0.0,0.0,1
38.3,194.0,2.0,19.7,1.0,17.2,0
46.9,28.0,1.0,35.2,1.0,0.0,0
24.7,61.0,2.0,13.8,2.0,25.8,1
14.7,225.0,0.0,26.3,2.0,25.6,0
35.7,72.0,2.0,26.3,2.0,28.2,0
40.7,36.0,2.0,26.5,2.0,11.0,0
79.1,153.0,3.0,32.4,0.0,32.0,1
40.6,239.0,2.0,29.9,1.0,6.8,0
22.4,141.0,0.0,26.1,2.0,11.6,0
60.1,248.0,0.0,23.8,0.0,4.4,0
42.3,214.0,0.0,20.0,1.0,0.0,0
48.5,259.0,0.0,18.8,0.0,9.8,0
37.0,208.0,3.0,12.7,1.0,12.9,0
32.5,110.0,1.0,24.2,2.0,11.3,0
40.0,199.0,5.0,15.3,1.0,11.0,1
27.2,275.0,4.0,20.9,1.0,17.1,0
55.3,234.0,1.0,24.8,0.0,14.6,0
21.7,144.0,0.0,30.9,2.0,11.4,0
57.1,228.0,1.0,11.6,0.0,11.8,0
28.0,137.0,1.0,29.6,2.0,15.3,0
38.8,33.0,2.0,12.5,2.0,6.5,0
30.5,71.0,1.0,32.1,2.0,12.4,0
47.2,316.0,0.0,33.7,0.0,8.8,0
41.4,187.0,3.0,19.2,1.0,20.3,0
60.8,140.0,3.0,25.3,0.0,32.3,1
44.1,255.0,0.0,18.4,0.0,0.0,0
18.7,187.0,0.0,27.4,2.0,11.8,0
32.1,247.0,3.0,21.5,1.0,6.1,1
30.5,112.0,0.0,27.1,2.0,0.0,0
36.4,300.0,4.0,12.0,0.0,7.1,1
45.9,49.0,2.0,21.0,1.0,0.0,0
37.6,167.0,5.0,9.6,1.0,28.1,0
20.2,169.0,0.0,30.7,2.0,5.9,0
23.3,163.0,0.0,15.7,2.0,12.7,0
28.9,204.0,2.0,13.4,1.0,0.0,1
42.9,49.0,1.0,16.9,1.0,0.0,0
32.9,210.0,3.0,16.6,1.0,1.7,1
24.3,179.0,2.0,2.5,2.0,0.3,1
52.4,192.0,1.0,6.6,0.0,2.0,0
10.3,211.0,0.0,33.8,3.0,13.5,0
37.1,286.0,0.0,19.0,1.0,11.7,1
36.8,211.0,3.0,18.7,1.0,20.5,0
47.8,253.0,1.0,26.4,0.0,5.6,0
67.2,254.0,5.0,16.2,0.0,18.7,1
52.5,188.0,0.0,28.9,0.0,7.2,0
42.4,215.0,4.0,12.6,1.0,12.3,1
38.3,284.0,0.0,22.1,1.0,12.6,1
44.4,267.0,0.0,9.6,1.0,0.0,0
39.2,52.0,0.0,34.7,2.0,0.0,0
24.9,109.0,0.0,30.9,2.0,2.0,0
55.2,246.0,0.0,12.7,0.0,5.3,0
88.7,276.0,1.0,18.3,0.0,25.6,0
40.8,212.0,4.0,15.1,1.0,30.0,0
27.4,234.0,1.0,22.9,1.0,0.3,1
27.2,162.0,0.0,17.3,2.0,1.4,0
35.3,331.0,2.0,21.2,0.0,0.0,1
57.2,141.0,4.0,16.9,0.0,27.1,1
31.7,267.0,2.0,18.7,1.0,12.9,0
30.4,111.0,0.0,11.3,2.0,0.0,0
25.9,259.0,0.0,15.3,2.0,0.0,0
24.1,123.0,0.0,13.8,2.0,19.6,0
54.4,237.0,3.0,16.8,0.0,25.2,0
45.6,231.0,1.0,38.8,1.0,4.0,0
37.0,113.0,5.0,15.2,1.0,18.3,1
35.2,111.0,1.0,21.6,2.0,2.2,0
47.0,36.0,2.0,23.9,1.0,0.0,0
41.9,184.0,4.0,12.3,1.0,29.8,0
49.0,209.0,0.0,11.1,0.0,3.8,0
32.5,247.0,0.0,22.4,1.0,2.8,1
72.9,248.0,0.0,22.1,0.0,0.9,0
62.4,265.0,0.0,17.6,0.0,0.0,0
52.1,169.0,4.0,16.1,0.0,22.7,1
50.4,241.0,0.0,12.7,0.0,5.4,0
54.0,1.0,2.0,11.0,1.0,0.0,0
56.2,255.0,7.0,15.0,0.0,6.2,1
57.2,242.0,2.0,10.4,0.0,24.3,0
61.5,183.0,0.0,15.6,0.0,5.1,0
57.7,239.0,1.0,23.2,0.0,8.6,0
8.9,142.0,0.0,20.1,3.0,13.7,1
27.9,104.0,0.0,29.4,2.0,0.0,0
41.2,161.0,4.0,12.2,1.0,18.3,0
49.0,251.0,0.0,14.9,0.0,0.0,0
38.2,297.0,2.0,30.4,0.0,0.0,1
28.2,293.0,0.0,18.6,1.0,0.0,0
32.4,220.0,3.0,24.9,1.0,21.6,0
41.1,101.0,1.0,3.3,1.0,0.0,0
30.3,244.0,0.0,24.1,1.0,10.3,1
33.8,141.0,2.0,17.7,2.0,13.3,0
29.5,170.0,0.0,20.0,2.0,0.0,0
28.4,114.0,1.0,23.5,2.0,0.0,0
64.1,259.0,0.0,6.8,0.0,15.3,0
36.9,189.0,5.0,18.5,1.0,18.3,0
43.9,330.0,0.0,21.4,0.0,11.1,1
37.6,143.0,4.0,26.9,1.0,12.9,1
40.8,240.0,2.0,14.4,1.0,15.6,0
74.8,276.0,0.0,8.2,0.0,1.7,0
58.1,188.0,5.0,21.1,0.0,24.0,1
30.9,87.0,1.0,11.5,2.0,26.5,0
51.5,296.0,1.0,30.0,0.0,13.5,0
45.9,222.0,2.0,20.3,0.0,13.9,0
45.0,246.0,0.0,26.5,1.0,0.0,0
37.8,231.0,0.0,21.2,1.0,0.0,0
62.9,257.0,0.0,27.5,0.0,1.5,0
51.6,432.0,3.0,22.8,0.0,17.0,1
30.7,138.0,0.0,14.0,2.0,2.9,0
25.2,163.0,0.0,20.2,2.0,0.0,0
48.1,173.0,4.0,24.0,0.0,17.9,1
22.3,165.0,1.0,29.0,2.0,27.3,0
40.8,256.0,0.0,11.1,1.0,0.2,0
50.5,48.0,4.0,8.5,1.0,23.6,1
26.6,250.0,5.0,34.0,1.0,0.0,1
63.7,1.0,2.0,13.6,1.0,0.0,0
50.8,237.0,0.0,5.5,0.0,8.3,0
42.1,36.0,0.0,28.7,1.0,0.0,0
34.4,72.0,1.0,9.0,2.0,6.8,0
24.0,171.0,0.0,19.3,2.0,0.0,0
53.4,177.0,5.0,25.2,0.0,15.7,1
42.2,268.0,1.0,20.5,0.0,3.5,0
53.9,270.0,0.0,23.1,0.0,0.0,0
42.5,43.0,1.0,18.8,1.0,0.0,0
17.0,231.0,0.0,19.3,2.0,24.8,0
85.5,218.0,0.0,20.4,0.0,17.0,0
47.1,400.0,2.0,22.2,0.0,21.3,1
37.0,155.0,4.0,5.3,1.0,8.3,1
71.3,467.0,0.0,20.8,0.0,12.2,1
54.2,365.0,3.0,17.9,0.0,3.2,1
23.7,1.0,0.0,11.5,3.0,41.2,1
42.5,99.0,2.0,23.9,1.0,31.8,1
36.7,61.0,1.0,11.1,2.0,5.3,0
9.7,259.0,0.0,7.1,2.0,27.0,0
51.5,120.0,3.0,19.8,1.0,28.6,1
22.9,223.0,1.0,8.5,2.0,0.5,0
39.1,64.0,1.0,20.7,2.0,1.5,0
8.2,221.0,0.0,26.8,3.0,21.7,0
44.3,27.0,2.0,14.1,1.0,0.0,0
6.9,220.0,0.0,16.1,3.0,42.2,0
25.9,104.0,1.0,26.3,2.0,21.0,0
28.8,110.0,0.0,26.9,2.0,0.0,0
51.1,271.0,1.0,33.6,0.0,14.5,0
42.9,207.0,3.0,11.7,1.0,15.5,0
54.8,111.0,2.0,21.1,1.0,37.6,1
33.9,83.0,1.0,14.7,2.0,0.9,1
31.5,95.0,1.0,34.4,2.0,6.3,0
30.3,260.0,1.0,24.1,1.0,0.0,0
51.8,209.0,4.0,19.2,0.0,15.8,1
47.0,94.0,3.0,28.2,1.0,25.5,1
9.8,207.0,0.0,23.2,3.0,19.5,0
25.6,264.0,0.0,26.7,2.0,11.3,1
26.2,117.0,1.0,18.3,2.0,14.9,0
39.6,257.0,0.0,29.3,1.0,0.0,0
25.8,207.0,0.0,18.3,2.0,3.6,0
13.5,210.0,0.0,24.7,2.0,0.0,0
34.0,67.0,1.0,21.4,2.0,0.2,0
60.3,471.0,0.0,22.7,0.0,30.8,1
34.1,100.0,2.0,23.9,2.0,23.8,0
65.6,180.0,1.0,25.3,0.0,18.5,0
24.9,179.0,0.0,12.9,2.0,6.2,0
15.1,222.0,0.0,15.0,2.0,9.9,0
51.5,286.0,0.0,20.9,0.0,4.0,0
51.6,226.0,5.0,16.6,0.0,12.5,1
41.7,276.0,1.0,21.9,0.0,6.8,0
41.8,232.0,1.0,12.8,1.0,0.0,0
49.2,236.0,1.0,35.3,0.0,3.7,0
68.6,124.0,4.0,28.8,0.0,34.9,0
12.4,173.0,0.0,20.1,3.0,33.5,0
51.1,85.0,5.0,9.9,1.0,22.8,1
52.2,285.0,0.0,27.9,0.0,0.0,0
36.6,256.0,0.0,17.7,1.0,0.0,0
30.1,133.0,1.0,20.1,2.0,11.5,0
41.4,64.0,3.0,26.7,1.0,18.2,0
25.5,247.0,1.0,16.3,1.0,0.0,1
27.8,175.0,4.0,15.8,1.0,0.0,1
23.5,215.0,3.0,8.1,2.0,0.5,1
39.7,112.0,4.0,14.8,1.0,15.5,1
47.9,368.0,0.0,26.5,0.0,17.3,1
61.3,253.0,0.0,13.4,0.0,3.2,0
13.7,241.0,0.0,16.8,2.0,0.8,0
17.9,231.0,0.0,17.8,2.0,6.0,0
61.5,263.0,5.0,24.4,0.0,15.6,1
38.2,207.0,0.0,14.3,1.0,19.0,1
31.9,133.0,1.0,15.6,2.0,0.0,0
9.7,201.0,0.0,31.0,3.0,11.9,0
56.3,76.0,2.0,23.8,1.0,34.5,1
63.5,1.0,4.0,32.3,1.0,4.2,0
40.4,275.0,0.0,18.9,1.0,0.0,0
37.0,55.0,1.0,10.4,2.0,5.3,0
34.7,248.0,0.0,19.5,1.0,18.2,1
54.6,272.0,0.0,14.5,0.0,10.6,0
35.1,76.0,3.0,26.5,2.0,23.9,1
30.7,128.0,1.0,17.5,2.0,15.9,0
56.3,255.0,2.0,30.8,0.0,21.6,0
48.6,257.0,0.0,18.2,0.0,0.0,0
17.4,222.0,0.0,9.1,2.0,27.7,0
16.7,181.0,1.0,30.0,2.0,9.3,1
26.7,253.0,1.0,27.7,1.0,0.8,0
65.9,93.0,2.0,15.5,0.0,45.1,1
45.1,273.0,1.0,27.6,0.0,14.8,0
55.9,234.0,3.0,17.8,0.0,29.5,0
35.7,132.0,1.0,28.9,1.0,0.0,0
29.6,115.0,0.0,34.3,2.0,0.0,0
80.7,220.0,1.0,20.0,0.0,3.6,0
27.2,126.0,1.0,21.0,2.0,19.8,0
35.5,290.0,2.0,14.3,1.0,9.3,1
34.1,85.0,2.0,24.7,2.0,25.4,0
44.2,7.0,1.0,32.2,2.0,0.0,0
30.0,97.0,0.0,17.4,2.0,0.0,0
56.8,247.0,0.0,15.0,0.0,1.9,1
56.2,253.0,0.0,20.7,0.0,12.8,0
33.3,146.0,2.0,12.0,2.0,12.1,0
38.9,256.0,1.0,6.6,1.0,0.0,0
32.0,114.0,1.0,26.0,2.0,3.3,0
7.0,142.0,0.0,10.4,3.0,0.0,1
23.0,174.0,1.0,34.3,2.0,21.4,0
44.3,260.0,2.0,29.8,0.0,12.0,0
43.9,199.0,4.0,20.3,1.0,18.1,0
21.5,184.0,0.0,7.5,2.0,0.0,0
37.5,128.0,2.0,12.4,1.0,11.9,0
0.0,49.0,0.0,36.7,4.0,7.8,1
54.6,211.0,2.0,22.5,0.0,13.5,0
31.9,129.0,0.0,25.7,2.0,1.8,0
64.4,231.0,0.0,36.0,0.0,7.3,0
33.8,294.0,1.0,22.9,1.0,16.1,1
69.7,257.0,1.0,32.4,0.0,18.3,0
23.8,263.0,1.0,15.5,1.0,8.0,0
53.3,164.0,5.0,24.2,0.0,8.5,1
13.5,226.0,0.0,28.9,2.0,0.0,0
41.0,41.0,2.0,29.7,2.0,15.9,0
20.6,274.0,0.0,19.7,2.0,0.0,0
52.8,289.0,1.0,15.8,0.0,20.1,0
27.9,117.0,0.0,9.9,2.0,15.1,0
53.1,60.0,3.0,14.3,1.0,32.9,1
30.9,164.0,1.0,13.0,2.0,0.5,0
28.5,258.0,0.0,21.0,1.0,0.0,0
81.2,244.0,0.0,24.4,0.0,5.6,0
71.9,244.0,1.0,29.2,0.0,8.4,0
68.3,253.0,3.0,31.3,0.0,28.0,0
72.5,211.0,0.0,24.1,0.0,0.0,0
62.5,282.0,0.0,11.4,0.0,0.0,0
32.5,302.0,0.0,27.3,1.0,0.0,0
38.5,310.0,0.0,24.9,1.0,8.3,1
72.2,229.0,1.0,36.9,0.0,14.8,0
31.3,42.0,0.0,7.5,2.0,0.0,0
30.6,123.0,0.0,19.6,2.0,0.0,0
57.0,254.0,0.0,10.7,0.0,2.2,0
55.4,303.0,0.0,16.1,0.0,6.0,0
33.5,204.0,4.0,10.2,1.0,23.7,0
42.3,192.0,1.0,29.8,1.0,9.6,0
27.3,128.0,1.0,18.4,2.0,7.5,0
33.1,251.0,0.0,23.3,1.0,29.7,1
24.4,228.0,2.0,24.2,2.0,6.0,0
32.7,232.0,1.0,23.5,1.0,0.0,0
64.4,202.0,5.0,13.0,0.0,24.4,1
7.5,192.0,0.0,17.9,3.0,31.3,0
45.7,315.0,0.0,17.6,0.0,3.7,0
23.5,200.0,0.0,27.1,2.0,0.0,0
22.3,218.0,0.0,31.2,2.0,4.5,0
57.0,90.0,4.0,14.0,1.0,33.5,1
62.5,251.0,0.0,34.9,0.0,5.0,0
28.0,148.0,0.0,30.5,2.0,2.3,0
17.1,148.0,0.0,31.9,3.0,0.2,1
33.0,102.0,0.0,22.3,2.0,0.0,0
20.4,160.0,0.0,13.3,2.0,0.0,1
28.5,139.0,0.0,29.1,2.0,0.0,0
19.5,159.0,0.0,20.6,2.0,6.4,0
35.1,340.0,0.0,19.7,1.0,17.0,1
22.2,173.0,0.0,17.1,2.0,4.2,0
30.4,272.0,0.0,1.0,1.0,9.9,1
10.8,218.0,0.0,11.7,3.0,22.4,0
43.3,194.0,5.0,14.2,1.0,25.4,0
47.5,283.0,0.0,13.7,0.0,4.7,0
52.4,79.0,3.0,25.2,1.0,33.5,1
54.2,274.0,0.0,18.9,0.0,5.7,0
16.6,226.0,0.0,20.9,2.0,0.0,0
23.7,182.0,0.0,24.6,2.0,3.5,0
47.9,5.0,1.0,15.3,1.0,0.0,0
58.0,225.0,0.0,12.3,0.0,3.0,0
60.2,193.0,1.0,28.6,0.0,19.7,0
46.3,28.0,2.0,15.3,1.0,0.0,0
38.1,25.0,1.0,16.4,2.0,2.2,0
33.2,256.0,0.0,33.3,1.0,0.0,0
59.8,296.0,0.0,18.1,0.0,2.1,0
29.1,216.0,0.0,17.9,2.0,9.9,1
36.0,105.0,1.0,21.3,2.0,7.8,0
11.1,199.0,0.0,29.6,3.0,42.6,0
21.7,256.0,0.0,26.3,2.0,8.9,1
31.6,1.0,2.0,19.8,2.0,30.1,1
46.5,148.0,3.0,16.4,1.0,27.0,0
50.4,261.0,0.0,17.8,0.0,0.0,0
28.5,106.0,1.0,28.1,2.0,3.9,0
43.2,245.0,1.0,33.3,1.0,6.4,0
21.1,209.0,0.0,20.5,2.0,4.1,0
49.0,106.0,3.0,22.0,1.0,30.1,1
43.4,167.0,4.0,10.0,1.0,13.9,1
53.0,222.0,0.0,17.4,0.0,0.0,0
27.9,200.0,0.0,3.4,2.0,21.5,1
50.7,116.0,3.0,12.6,1.0,29.2,1
9.9,223.0,0.0,14.1,3.0,25.3,0
40.3,248.0,0.0,17.4,1.0,1.8,0
57.5,302.0,6.0,13.6,0.0,0.0,1
22.9,144.0,0.0,15.5,2.0,7.2,0
25.1,116.0,1.0,17.4,2.0,30.8,0
38.9,258.0,0.0,20.4,1.0,4.7,0
36.9,25.0,0.0,11.3,2.0,0.0,0
66.4,174.0,4.0,36.8,0.0,22.2,1
29.5,135.0,0.0,20.8,2.0,6.9,0
32.5,231.0,0.0,12.3,1.0,3.5,1
41.2,223.0,0.0,11.9,1.0,0.0,0
34.4,212.0,4.0,21.5,1.0,16.5,0
50.4,176.0,0.0,37.3,1.0,0.0,0
65.5,246.0,0.0,32.5,0.0,19.2,0
63.0,316.0,0.0,10.0,0.0,0.0,0
4.0,79.0,0.0,28.2,4.0,8.8,1
44.6,259.0,0.0,24.4,1.0,2.4,0
25.7,103.0,2.0,9.8,2.0,33.7,0
8.7,86.0,0.0,20.5,3.0,6.9,1
28.3,130.0,0.0,27.1,2.0,3.4,0
36.4,123.0,0.0,13.0,1.0,0.0,0
17.2,201.0,2.0,26.5,2.0,0.0,1
50.6,268.0,0.0,18.5,0.0,0.0,0
55.1,45.0,2.0,27.4,1.0,36.8,1
45.0,24.0,1.0,21.0,1.0,0.0,0
39.8,33.0,1.0,19.8,2.0,0.0,0
28.7,122.0,1.0,25.0,2.0,14.0,0
52.8,261.0,0.0,27.2,0.0,0.0,0
36.9,95.0,2.0,20.1,2.0,25.9,0
67.7,252.0,0.0,21.6,0.0,0.0,0
72.5,292.0,0.0,21.4,0.0,3.7,1
13.5,239.0,0.0,18.6,2.0,9.0,0
47.6,24.0,3.0,21.0,1.0,36.9,1
38.4,78.0,3.0,3.8,2.0,24.0,1
40.7,85.0,3.0,7.2,1.0,20.5,1
27.5,129.0,0.0,26.7,2.0,0.0,0
41.9,155.0,3.0,17.5,1.0,24.6,1
33.2,287.0,0.0,23.4,1.0,0.0,0
36.8,207.0,2.0,21.2,1.0,0.0,0
57.9,242.0,0.0,16.2,0.0,3.7,0
36.9,55.0,3.0,13.7,2.0,22.9,1
34.8,59.0,1.0,18.8,2.0,0.0,0
66.8,304.0,0.0,29.9,0.0,0.0,0
9.2,226.0,0.0,15.9,3.0,23.3,0
54.7,230.0,1.0,5.3,0.0,0.5,0
57.8,206.0,1.0,32.0,0.0,9.7,0
29.9,145.0,0.0,23.1,2.0,0.0,0
57.9,227.0,5.0,23.9,0.0,13.8,1
31.6,87.0,1.0,3.6,2.0,19.6,0
36.9,333.0,0.0,10.4,1.0,23.7,1
47.7,165.0,4.0,30.2,1.0,22.8,1
37.5,242.0,0.0,31.8,1.0,0.0,0
51.4,240.0,2.0,12.1,0.0,15.5,0
36.2,65.0,0.0,32.3,2.0,0.0,0
59.3,317.0,3.0,9.1,0.0,6.2,1
16.4,184.0,0.0,29.8,2.0,2.4,0
17.7,196.0,0.0,18.3,2.0,21.7,0
10.8,190.0,0.0,16.3,3.0,38.1,0
63.5,210.0,1.0,7.8,0.0,14.6,0
23.2,339.0,0.0,21.7,1.0,12.9,1
50.7,1.0,2.0,10.0,1.0,0.0,1
39.2,59.0,0.0,18.2,2.0,0.0,0
20.6,148.0,0.0,19.9,2.0,26.8,0
0.0,273.0,0.0,12.7,3.0,13.9,0
51.1,66.0,2.0,10.7,1.0,0.0,0
79.6,241.0,0.0,28.1,0.0,0.0,0
10.9,283.0,0.0,13.7,2.0,4.4,0
33.7,155.0,1.0,9.4,1.0,0.0,0
48.0,1.0,2.0,22.1,1.0,0.0,0
57.5,126.0,4.0,17.9,0.0,38.9,1
48.5,66.0,2.0,23.3,1.0,9.1,0
26.0,163.0,0.0,8.0,2.0,7.6,0
35.6,100.0,1.0,21.1,2.0,1.3,0
29.3,203.0,1.0,20.9,1.0,2.2,0
39.5,295.0,0.0,22.8,1.0,6.6,0
20.7,156.0,0.0,23.0,2.0,2.6,1
17.3,211.0,0.0,22.3,2.0,18.6,0
38.0,93.0,2.0,28.6,1.0,0.2,0
39.6,322.0,0.0,30.2,1.0,14.5,1
23.9,208.0,1.0,20.1,2.0,0.0,1
40.9,78.0,1.0,12.4,1.0,0.0,0
31.7,121.0,0.0,28.8,2.0,0.0,0
29.9,150.0,0.0,7.2,2.0,1.3,1
14.8,116.0,1.0,9.0,2.0,0.0,1
34.6,134.0,1.0,22.3,1.0,0.0,0
23.9,191.0,2.0,22.4,2.0,0.0,1
26.2,196.0,0.0,18.8,2.0,0.0,0
28.5,222.0,1.0,21.4,1.0,0.0,1
32.2,273.0,4.0,23.0,1.0,0.0,1
43.0,344.0,0.0,10.0,0.0,14.9,1
33.9,102.0,2.0,13.9,2.0,11.3,0
45.9,273.0,1.0,17.5,0.0,0.0,0
55.7,176.0,2.0,34.2,0.0,4.3,0
48.2,215.0,4.0,5.2,0.0,11.7,1
15.4,237.0,0.0,40.7,2.0,21.8,0
28.6,243.0,4.0,21.7,1.0,20.4,0
33.7,1.0,3.0,16.5,3.0,39.6,1
51.7,295.0,7.0,22.7,0.0,0.0,1
57.8,273.0,0.0,31.9,0.0,6.2,0
31.4,107.0,0.0,28.9,2.0,0.0,0
80.7,240.0,0.0,30.1,0.0,0.0,0
39.3,235.0,2.0,14.0,1.0,8.2,0
48.4,1.0,2.0,18.1,1.0,5.4,0
25.4,129.0,1.0,23.1,2.0,19.5,0
34.2,71.0,1.0,26.4,2.0,19.1,0
45.4,233.0,0.0,5.3,1.0,0.0,0
27.1,138.0,1.0,26.6,2.0,15.7,0
58.6,222.0,5.0,32.4,0.0,44.6,0
15.9,240.0,0.0,29.6,2.0,0.0,0
40.2,213.0,2.0,13.1,1.0,15.0,0
15.7,188.0,0.0,12.3,2.0,2.7,0
84.0,215.0,0.0,22.7,0.0,0.0,0
69.3,237.0,0.0,20.6,0.0,0.0,0
22.2,171.0,0.0,19.0,2.0,24.3,0
51.7,239.0,0.0,10.5,0.0,0.4,0
50.9,1.0,3.0,9.3,1.0,5.6,0
59.4,201.0,1.0,33.4,0.0,19.9,0
30.9,121.0,1.0,11.7,2.0,15.4,0
47.4,188.0,2.0,19.6,1.0,6.4,0
17.2,206.0,2.0,18.3,2.0,3.9,1
35.8,46.0,0.0,27.1,2.0,0.0,0
54.1,254.0,1.0,17.3,0.0,19.6,0
34.5,234.0,3.0,16.2,1.0,12.3,0
27.3,13.0,2.0,29.8,3.0,31.1,1
40.0,102.0,2.0,15.8,1.0,0.1,0
51.3,201.0,3.0,9.4,0.0,34.5,0
25.4,170.0,0.0,12.7,2.0,0.7,0
8.0,175.0,0.0,18.6,3.0,8.7,1
23.9,49.0,0.0,10.6,3.0,0.0,1
58.5,247.0,0.0,30.7,0.0,0.0,0
61.2,104.0,2.0,18.9,0.0,35.6,1
37.0,147.0,2.0,32.5,1.0,3.4,0
38.6,88.0,0.0,9.3,1.0,0.0,0
45.3,243.0,0.0,28.5,1.0,10.6,0
56.8,1.0,4.0,22.1,1.0,3.0,0
34.2,128.0,1.0,4.2,2.0,4.9,0
26.6,253.0,1.0,26.3,1.0,0.0,0
46.7,300.0,0.0,16.9,0.0,0.0,0
31.3,61.0,1.0,23.4,2.0,5.1,0
35.9,244.0,2.0,13.5,1.0,0.0,1
41.5,78.0,2.0,28.2,1.0,30.7,1
48.1,240.0,1.0,13.9,0.0,5.6,0
19.3,102.0,1.0,24.6,2.0,6.1,1
41.1,37.0,1.0,23.2,2.0,0.0,0
55.2,165.0,2.0,20.0,0.0,3.1,0
53.5,47.0,3.0,19.6,1.0,35.3,1
67.2,220.0,1.0,30.7,0.0,13.2,0
40.4,62.0,3.0,17.3,1.0,16.6,0
33.7,287.0,0.0,20.9,1.0,0.0,0
25.5,268.0,0.0,28.0,1.0,1.8,0
31.4,202.0,4.0,21.2,1.0,0.0,1
45.6,278.0,1.0,20.2,0.0,16.3,0
35.5,108.0,0.0,16.4,2.0,0.0,0
53.0,198.0,2.0,10.0,0.0,9.9,0
38.8,194.0,0.0,5.7,1.0,0.0,0
54.1,157.0,3.0,25.5,0.0,23.5,1
34.2,266.0,0.0,35.5,1.0,10.6,1
24.3,94.0,1.0,7.3,2.0,25.0,1
39.7,202.0,3.0,5.5,1.0,23.1,0
41.7,48.0,4.0,18.2,1.0,23.0,1
51.6,273.0,0.0,26.8,0.0,6.9,0
48.8,226.0,4.0,16.7,0.0,9.9,1
64.7,271.0,0.0,13.1,0.0,6.5,0
45.8,72.0,2.0,25.0,1.0,30.6,1
54.2,270.0,2.0,24.4,0.0,22.6,0
50.1,30.0,2.0,10.1,1.0,0.0,0
43.9,167.0,2.0,17.8,1.0,7.5,0
63.1,249.0,0.0,24.2,0.0,3.0,0
55.9,1.0,3.0,25.8,1.0,0.0,0
45.2,215.0,2.0,26.9,1.0,16.7,0
21.5,129.0,0.0,15.5,2.0,16.7,0
45.0,267.0,2.0,11.8,0.0,18.0,0
15.2,188.0,0.0,25.1,2.0,23.4,0
66.7,201.0,0.0,17.5,0.0,0.0,0
61.1,253.0,0.0,18.5,0.0,3.8,0
42.0,46.0,2.0,29.0,2.0,17.7,0
21.9,160.0,1.0,14.5,2.0,22.0,0
58.6,253.0,0.0,8.3,0.0,0.0,0
25.3,178.0,0.0,19.6,2.0,4.1,1
27.5,255.0,0.0,18.6,1.0,1.7,1
61.1,148.0,1.0,17.7,0.0,2.2,0
58.5,50.0,3.0,17.9,1.0,34.9,1
24.7,134.0,0.0,35.9,2.0,0.0,0
19.2,179.0,1.0,28.5,2.0,0.0,1
35.0,75.0,2.0,26.8,2.0,21.7,0
25.8,153.0,1.0,26.2,2.0,25.3,0
31.9,226.0,1.0,12.4,1.0,0.0,1
29.6,177.0,0.0,19.6,2.0,15.3,1
42.4,99.0,4.0,43.8,1.0,16.2,1
58.0,223.0,0.0,14.9,0.0,0.0,0
45.3,83.0,3.0,10.2,1.0,15.6,0
30.1,202.0,1.0,3.5,1.0,4.9,0
45.8,117.0,4.0,16.5,1.0,22.4,1
45.5,229.0,0.0,19.7,1.0,7.8,0
40.6,67.0,2.0,27.3,1.0,6.6,0
15.2,157.0,0.0,15.1,3.0,30.2,0
51.6,379.0,0.0,14.6,0.0,25.8,1
39.4,221.0,4.0,23.8,1.0,17.2,0
77.0,253.0,0.0,23.3,0.0,7.6,0
39.5,171.0,8.0,19.0,1.0,46.1,0
62.4,269.0,0.0,6.6,0.0,8.7,0
56.5,213.0,5.0,26.3,0.0,13.4,1
18.5,173.0,0.0,25.5,2.0,15.8,0
56.3,229.0,0.0,24.3,0.0,8.5,0
26.9,172.0,0.0,21.5,2.0,6.6,0
42.1,351.0,0.0,26.3,0.0,18.4,1
30.3,124.0,0.0,13.1,2.0,5.3,0
21.6,174.0,0.0,18.8,2.0,0.0,0
55.1,213.0,2.0,39.2,0.0,20.2,0
29.7,198.0,0.0,13.9,1.0,0.0,0
73.3,233.0,0.0,33.7,0.0,15.1,0
28.9,211.0,0.0,23.4,2.0,6.7,0
64.6,277.0,1.0,20.3,0.0,12.0,0
58.8,137.0,4.0,20.2,0.0,28.4,1
42.0,46.0,1.0,11.8,1.0,0.0,0
51.5,1.0,3.0,23.7,1.0,0.0,0
18.6,201.0,0.0,8.8,2.0,19.9,0
36.1,79.0,0.0,27.5,2.0,0.0,0
29.0,205.0,1.0,18.6,1.0,5.5,0
22.2,267.0,0.0,18.6,2.0,8.4,1
33.9,32.0,2.0,21.4,2.0,37.1,1
60.0,206.0,0.0,28.6,0.0,5.7,0
33.0,249.0,3.0,26.5,1.0,17.0,0
53.5,91.0,2.0,30.1,1.0,38.1,1
29.9,154.0,0.0,27.4,2.0,0.0,0
18.5,145.0,3.0,18.4,2.0,0.0,1
73.7,98.0,3.0,20.2,0.0,48.8,1
21.4,97.0,0.0,29.3,3.0,5.8,0
42.2,214.0,0.0,25.2,1.0,0.0,0
39.8,45.0,1.0,13.8,2.0,0.0,0
43.9,303.0,0.0,17.0,0.0,0.0,0
40.0,87.0,2.0,26.2,1.0,5.0,0
36.7,291.0,0.0,14.0,1.0,13.2,1
31.1,160.0,1.0,15.2,2.0,7.5,0
69.1,169.0,3.0,16.9,0.0,18.2,0
37.2,48.0,2.0,27.5,2.0,19.2,0
35.8,245.0,5.0,15.3,1.0,25.4,0
27.3,107.0,0.0,16.4,2.0,0.0,0
60.9,178.0,4.0,18.8,0.0,18.3,1
51.9,169.0,4.0,30.6,0.0,12.5,1
32.3,164.0,2.0,19.3,1.0,2.6,0
58.7,214.0,2.0,27.8,0.0,9.9,0
51.5,93.0,4.0,1.0,1.0,27.5,1
22.4,162.0,0.0,15.7,2.0,0.0,0
62.8,251.0,0.0,25.6,0.0,2.2,0
0.0,8.0,0.0,24.2,5.0,6.8,1
38.3,231.0,1.0,23.2,1.0,0.0,0
22.6,133.0,0.0,13.0,2.0,27.6,1
60.0,224.0,0.0,15.7,0.0,0.0,0
70.0,238.0,0.0,30.3,0.0,8.4,0
4.7,203.0,3.0,10.9,3.0,5.7,0
27.7,243.0,0.0,29.7,2.0,16.5,1
59.1,230.0,2.0,32.6,0.0,17.9,0
20.7,245.0,0.0,24.1,2.0,32.4,1
47.5,99.0,4.0,16.5,1.0,18.0,1
35.3,245.0,3.0,15.0,1.0,5.4,1
35.7,75.0,2.0,18.3,2.0,14.7,0
70.0,232.0,1.0,24.5,0.0,15.0,0
67.6,243.0,1.0,24.8,0.0,20.9,0
28.9,95.0,0.0,30.4,2.0,5.6,0
33.1,83.0,4.0,27.8,2.0,12.6,1
12.2,154.0,0.0,23.5,3.0,7.8,1
69.5,225.0,5.0,23.9,0.0,20.8,1
47.8,139.0,1.0,13.7,1.0,3.5,0
24.3,163.0,1.0,19.0,2.0,26.3,0
55.8,66.0,1.0,23.2,1.0,45.8,1
40.8,293.0,0.0,27.3,1.0,2.2,0
37.6,115.0,1.0,33.4,1.0,0.0,0
41.7,37.0,2.0,10.0,2.0,9.4,0
83.3,197.0,0.0,20.9,0.0,13.2,0
26.8,123.0,0.0,16.2,2.0,3.9,0
24.7,130.0,1.0,40.2,2.0,22.0,0
50.1,195.0,6.0,15.8,0.0,8.2,1
40.6,237.0,0.0,16.3,1.0,1.0,0
24.1,171.0,0.0,11.5,2.0,14.6,1
33.0,273.0,1.0,28.4,1.0,5.4,0
53.9,173.0,5.0,33.1,0.0,18.2,1
55.0,227.0,1.0,17.7,0.0,10.6,0
41.5,71.0,2.0,17.3,1.0,9.1,0
32.5,96.0,0.0,34.0,2.0,0.0,0
35.8,117.0,0.0,16.2,2.0,0.0,0
20.0,202.0,0.0,22.8,2.0,23.5,0
35.2,189.0,0.0,11.7,1.0,11.0,1
21.1,198.0,0.0,33.1,2.0,1.4,0
41.3,308.0,0.0,16.4,1.0,17.2,1
33.5,1.0,2.0,26.8,2.0,31.6,1
22.4,162.0,0.0,27.8,2.0,25.9,0
43.0,54.0,3.0,22.7,1.0,11.8,0
24.7,100.0,1.0,11.0,2.0,25.8,0
26.9,201.0,0.0,7.7,2.0,11.6,1
34.3,106.0,0.0,11.1,2.0,0.0,1
34.8,105.0,1.0,18.9,2.0,8.5,0
42.7,42.0,2.0,1.0,1.0,0.0,0
24.4,124.0,0.0,20.3,2.0,0.0,0
12.7,183.0,0.0,16.5,3.0,11.9,0
64.3,240.0,0.0,15.9,0.0,0.0,0
50.8,184.0,4.0,13.2,0.0,18.9,1
49.1,410.0,2.0,18.2,0.0,12.7,1
46.2,196.0,3.0,22.6,1.0,13.4,0
31.7,110.0,1.0,14.5,2.0,3.0,0
42.8,306.0,0.0,20.5,1.0,0.0,0
47.0,256.0,0.0,23.5,0.0,0.0,0
18.2,154.0,0.0,27.7,2.0,5.8,0
72.0,241.0,1.0,23.9,0.0,13.9,0
53.8,263.0,1.0,23.3,0.0,12.5,0
48.9,164.0,3.0,11.0,1.0,14.9,0
49.4,307.0,0.0,26.8,0.0,0.0,0
61.9,214.0,4.0,24.6,0.0,23.1,1
37.2,252.0,3.0,6.8,1.0,23.0,0
33.7,13.0,2.0,1.0,2.0,37.0,1
6.0,244.0,0.0,20.2,3.0,35.4,0
55.8,134.0,4.0,18.5,0.0,28.1,1
9.7,229.0,0.0,10.3,3.0,0.3,0
45.5,82.0,3.0,21.8,1.0,29.6,1
15.7,212.0,0.0,19.7,3.0,11.7,1
56.5,258.0,0.0,13.1,0.0,0.0,0
34.7,102.0,0.0,19.5,2.0,0.0,0
14.9,153.0,0.0,28.3,3.0,7.3,1
18.2,157.0,0.0,23.1,2.0,3.1,0
56.4,1.0,3.0,28.3,1.0,2.2,0
61.9,173.0,5.0,18.9,0.0,15.3,1
32.3,248.0,0.0,24.0,1.0,9.3,1
49.5,12.0,2.0,26.7,1.0,0.0,0
49.2,139.0,3.0,9.3,1.0,31.2,1
45.5,302.0,1.0,29.7,0.0,8.6,1
33.2,37.0,2.0,18.8,2.0,35.7,1
60.2,233.0,1.0,2.4,0.0,14.9,0
17.7,171.0,0.0,18.9,2.0,20.3,0
32.0,50.0,1.0,22.0,2.0,8.7,0
38.7,116.0,2.0,24.5,1.0,5.0,0
36.0,76.0,0.0,23.4,2.0,0.0,0
35.1,102.0,2.0,14.8,2.0,16.2,1
38.3,212.0,6.0,3.8,1.0,0.0,1
47.5,220.0,2.0,23.3,0.0,9.3,0
35.3,82.0,1.0,22.7,2.0,0.0,0
55.1,262.0,0.0,24.1,0.0,0.0,0
57.6,229.0,0.0,19.3,0.0,0.0,0
17.3,235.0,0.0,30.9,2.0,2.2,0
45.1,275.0,0.0,26.5,0.0,0.0,0
52.7,142.0,3.0,16.9,1.0,28.6,1
34.0,62.0,0.0,26.8,2.0,0.0,0
55.0,121.0,3.0,21.7,1.0,35.6,1
39.9,199.0,0.0,17.1,1.0,0.9,0
44.3,244.0,2.0,28.0,0.0,14.1,0
30.9,109.0,1.0,23.0,2.0,16.3,0
34.2,135.0,1.0,18.8,2.0,8.6,0
13.4,114.0,0.0,35.5,3.0,12.3,1
41.7,357.0,2.0,23.7,0.0,9.3,1
43.5,220.0,2.0,9.8,1.0,30.5,0
57.1,470.0,0.0,26.2,0.0,25.6,1
40.5,194.0,2.0,8.2,1.0,0.0,0
45.0,223.0,0.0,26.5,1.0,0.0,0
51.1,172.0,1.0,10.8,0.0,10.1,0
24.1,147.0,0.0,20.8,2.0,12.8,0
27.7,311.0,0.0,20.8,1.0,27.8,1
35.2,180.0,0.0,13.9,1.0,0.0,1
39.5,235.0,2.0,19.9,1.0,11.9,0
55.6,246.0,2.0,20.0,0.0,22.3,0
66.8,231.0,0.0,11.6,0.0,5.1,0
41.9,231.0,1.0,13.8,1.0,12.6,0
23.3,155.0,2.0,28.4,2.0,36.5,0
50.6,235.0,1.0,24.9,0.0,8.9,0
56.6,250.0,0.0,28.4,0.0,0.0,0
65.4,260.0,2.0,1.0,0.0,19.3,0
56.0,181.0,4.0,40.2,0.0,24.4,1
67.7,239.0,0.0,6.6,0.0,0.3,0
37.7,294.0,0.0,19.7,1.0,0.0,0
48.2,244.0,1.0,21.1,0.0,0.0,1
26.3,162.0,1.0,27.4,2.0,10.8,0
44.6,194.0,1.0,15.4,1.0,3.1,0
42.6,186.0,1.0,11.7,1.0,4.2,0
29.1,115.0,0.0,10.3,2.0,14.2,0
38.5,229.0,1.0,37.5,1.0,8.1,0
15.6,206.0,0.0,10.9,2.0,0.0,0
41.0,355.0,0.0,18.0,0.0,10.0,1
20.1,215.0,1.0,12.1,2.0,0.0,1
60.6,257.0,0.0,16.0,0.0,10.6,0
15.6,68.0,0.0,31.5,3.0,0.0,1
39.1,304.0,0.0,19.9,1.0,13.5,1
72.6,224.0,0.0,13.9,0.0,13.2,0
75.7,252.0,0.0,8.4,0.0,0.0,0
58.7,263.0,0.0,14.3,0.0,0.0,0
53.3,212.0,0.0,18.8,0.0,1.0,0
16.9,220.0,0.0,13.7,2.0,0.0,0
35.7,91.0,0.0,13.5,2.0,0.0,1
21.2,139.0,0.0,24.2,2.0,14.2,0
43.4,220.0,0.0,15.8,1.0,0.0,0
25.9,158.0,0.0,19.1,2.0,9.0,1
43.0,44.0,2.0,25.9,2.0,32.9,1
66.3,183.0,0.0,22.8,0.0,0.0,0
48.9,273.0,0.0,9.2,0.0,0.8,0
20.9,222.0,0.0,22.5,2.0,0.0,0
40.4,33.0,2.0,12.7,2.0,18.4,1
64.6,230.0,2.0,12.4,0.0,12.5,0
31.4,293.0,0.0,17.7,1.0,0.0,0
0.0,1.0,0.0,24.3,4.0,0.0,1
45.8,78.0,2.0,33.9,1.0,0.0,0
40.0,272.0,0.0,15.0,1.0,9.9,0
38.4,312.0,0.0,28.1,1.0,16.5,1
0.0,34.0,0.0,14.1,4.0,0.0,1
65.5,282.0,2.0,29.3,0.0,24.1,0
43.2,36.0,1.0,20.1,1.0,0.0,0
23.9,67.0,1.0,17.8,3.0,29.8,0
53.2,208.0,5.0,25.1,0.0,11.9,1
25.0,402.0,1.0,26.1,1.0,14.5,1
29.4,113.0,1.0,18.1,2.0,4.8,0
68.5,243.0,4.0,14.1,0.0,18.9,1
58.8,131.0,2.0,11.9,0.0,29.2,1
43.0,270.0,0.0,19.8,1.0,0.0,0
46.1,57.0,1.0,24.4,1.0,0.0,0
29.0,125.0,0.0,32.0,2.0,1.7,0
63.5,263.0,0.0,29.3,0.0,0.0,0
54.4,264.0,0.0,19.4,0.0,1.3,0
40.1,232.0,0.0,15.4,1.0,0.0,0
41.2,97.0,4.0,20.2,1.0,19.6,1
46.4,215.0,3.0,24.2,0.0,0.0,0
50.4,200.0,3.0,15.2,0.0,26.8,0
36.1,91.0,2.0,25.2,2.0,21.3,0
38.7,247.0,0.0,34.7,1.0,0.0,0
41.9,68.0,1.0,24.6,1.0,0.0,0
32.4,168.0,0.0,23.5,2.0,5.8,1
13.6,254.0,2.0,19.4,2.0,0.0,1
41.4,44.0,2.0,22.5,2.0,9.9,0
61.3,264.0,0.0,40.6,0.0,0.0,0
42.3,303.0,5.0,22.4,0.0,0.0,1
41.1,3.0,1.0,11.2,2.0,0.0,0
46.5,150.0,3.0,15.9,1.0,17.4,0
35.0,61.0,3.0,21.5,2.0,18.5,1
30.9,227.0,0.0,39.2,1.0,0.0,0
61.0,459.0,0.0,17.7,0.0,12.9,1
65.0,239.0,0.0,16.8,0.0,11.9,0
57.9,244.0,1.0,26.1,0.0,13.8,0
23.9,215.0,0.0,17.0,2.0,0.0,1
25.6,271.0,2.0,24.2,1.0,10.6,1
39.1,394.0,2.0,2.6,0.0,15.8,1
15.4,167.0,0.0,26.3,3.0,20.4,0
47.4,439.0,4.0,23.5,0.0,9.6,1
19.0,204.0,0.0,10.9,2.0,0.0,0
23.8,177.0,0.0,24.5,2.0,0.0,0
53.4,243.0,6.0,24.8,0.0,0.0,1
57.4,77.0,3.0,25.3,1.0,34.0,1
27.1,222.0,3.0,24.9,1.0,0.0,1
38.1,233.0,2.0,26.9,1.0,8.1,0
25.8,154.0,0.0,21.4,2.0,0.0,1
35.7,117.0,1.0,22.9,1.0,0.0,0
12.8,194.0,0.0,15.5,3.0,3.5,0
35.8,244.0,0.0,16.3,1.0,4.3,0
15.2,105.0,5.0,22.7,2.0,0.0,1
33.9,64.0,0.0,6.4,2.0,0.0,0
46.8,212.0,1.0,32.4,1.0,11.2,0
34.0,145.0,2.0,33.0,1.0,16.6,0
57.8,246.0,3.0,23.6,0.0,29.2,0
36.9,58.0,2.0,34.0,2.0,19.4,0
55.9,11.0,0.0,9.2,1.0,56.3,1
64.8,251.0,0.0,26.3,0.0,1.5,0
57.1,274.0,1.0,16.4,0.0,8.7,0
25.2,106.0,1.0,33.1,2.0,34.1,0
51.2,53.0,3.0,38.4,1.0,33.2,1
49.9,239.0,2.0,15.8,0.0,1.7,0
62.2,135.0,4.0,18.2,0.0,34.3,1
53.1,273.0,5.0,11.1,0.0,4.5,1
23.0,156.0,0.0,21.8,2.0,15.8,0
28.2,128.0,0.0,26.5,2.0,4.6,0
37.4,232.0,4.0,11.3,1.0,33.3,0
39.4,295.0,0.0,20.0,1.0,21.6,1
47.9,201.0,5.0,24.6,0.0,12.4,1
35.9,298.0,1.0,3.3,1.0,4.1,1
24.3,253.0,0.0,12.7,1.0,0.0,0
49.6,211.0,0.0,20.4,0.0,3.1,0
58.0,423.0,4.0,29.3,0.0,0.0,1
21.5,248.0,0.0,27.8,2.0,2.7,1
50.9,261.0,0.0,26.0,0.0,0.7,0
56.8,258.0,4.0,4.1,0.0,16.8,1
32.6,108.0,1.0,11.4,2.0,3.5,0
38.1,125.0,2.0,13.9,1.0,5.2,0
39.9,77.0,0.0,20.1,1.0,0.0,0
19.1,189.0,0.0,13.9,2.0,15.8,0
15.8,158.0,0.0,1.7,3.0,6.0,0
26.9,248.0,1.0,27.6,1.0,1.8,1
33.1,49.0,0.0,23.5,2.0,0.0,0
34.3,55.0,0.0,18.9,2.0,0.0,0
27.4,110.0,0.0,28.4,2.0,2.9,0
26.7,168.0,0.0,16.7,2.0,0.0,0
45.6,443.0,3.0,19.4,0.0,10.3,1
63.1,215.0,1.0,17.0,0.0,13.5,0
60.6,184.0,4.0,18.8,0.0,18.5,1
67.5,129.0,4.0,37.1,0.0,37.8,1
51.2,87.0,2.0,20.6,1.0,30.3,1
36.4,101.0,0.0,14.3,2.0,0.0,0
46.9,204.0,2.0,30.1,1.0,18.0,0
62.2,214.0,4.0,16.1,0.0,25.2,1
27.8,121.0,0.0,13.8,2.0,5.3,0
29.6,186.0,5.0,24.4,1.0,26.3,0
53.7,252.0,0.0,20.8,0.0,0.3,0
59.0,243.0,1.0,7.1,0.0,4.1,0
17.9,165.0,0.0,11.0,2.0,15.4,0
18.9,281.0,0.0,17.4,2.0,8.8,1
32.1,79.0,1.0,32.1,2.0,11.5,0
31.4,17.0,3.0,36.3,2.0,24.6,1
37.8,1.0,1.0,20.7,2.0,40.4,1
35.7,38.0,3.0,39.0,2.0,29.5,1
61.0,278.0,6.0,25.7,0.0,0.0,1
9.1,114.0,2.0,18.3,3.0,0.0,1
30.4,107.0,2.0,10.2,2.0,22.9,0
70.1,239.0,0.0,24.7,0.0,0.0,0
58.3,284.0,0.0,24.4,0.0,7.7,0
31.0,155.0,0.0,11.3,2.0,0.0,0
49.8,1.0,2.0,15.8,1.0,0.0,0
50.4,63.0,2.0,9.3,1.0,0.0,0
39.6,241.0,0.0,24.2,1.0,1.8,0
41.1,215.0,1.0,6.8,1.0,3.9,1
51.8,246.0,1.0,24.2,0.0,7.7,0
0.0,56.0,0.0,22.0,4.0,3.5,1
22.8,181.0,0.0,23.5,2.0,11.0,0
52.5,167.0,0.0,34.6,0.0,0.0,0
27.2,136.0,0.0,12.4,2.0,0.0,0
78.2,188.0,1.0,31.7,0.0,4.6,0
53.5,193.0,4.0,23.1,0.0,19.5,1
44.8,76.0,0.0,34.1,1.0,0.0,0
48.0,137.0,4.0,30.6,1.0,19.4,1
45.3,48.0,2.0,9.2,1.0,4.1,0
50.4,149.0,0.0,16.2,1.0,0.0,0
62.5,248.0,0.0,30.5,0.0,4.0,0
27.6,210.0,0.0,9.5,2.0,3.5,1
59.8,205.0,1.0,8.9,0.0,12.1,0
35.8,79.0,1.0,18.1,2.0,0.0,0
56.1,1.0,3.0,22.8,1.0,5.5,0
40.7,1.0,2.0,10.7,2.0,37.8,1
50.4,251.0,0.0,8.3,0.0,0.0,0
20.3,159.0,0.0,26.5,2.0,13.9,0
50.9,218.0,1.0,18.0,0.0,9.5,0
24.1,233.0,0.0,24.7,2.0,19.9,1
43.9,315.0,0.0,29.7,0.0,0.0,0
52.4,116.0,3.0,24.9,1.0,34.5,1
32.6,79.0,1.0,34.5,2.0,0.4,0
47.3,89.0,3.0,7.9,1.0,30.0,1
33.4,279.0,2.0,11.5,1.0,0.0,1
30.2,112.0,1.0,23.4,2.0,6.1,0
22.9,187.0,0.0,31.2,2.0,23.9,0
53.5,199.0,2.0,10.7,0.0,9.0,0
37.9,217.0,3.0,9.1,1.0,19.9,0
39.9,261.0,1.0,15.1,1.0,0.0,0
58.8,194.0,2.0,24.7,0.0,18.7,0
30.4,117.0,1.0,5.0,2.0,8.7,0
38.9,82.0,2.0,9.6,2.0,16.5,0
17.4,238.0,0.0,9.1,2.0,28.8,1
22.5,1.0,0.0,12.4,4.0,46.9,1
42.0,81.0,3.0,40.8,1.0,25.5,1
46.0,44.0,1.0,14.8,1.0,0.0,0
60.2,182.0,0.0,16.6,0.0,0.0,0
20.9,161.0,1.0,26.6,2.0,29.6,0
41.8,278.0,0.0,21.9,1.0,0.0,0
11.9,240.0,0.0,21.4,2.0,6.3,1
22.8,143.0,0.0,14.1,2.0,0.0,0
30.3,197.0,0.0,19.8,1.0,0.4,0
37.7,82.0,3.0,24.1,2.0,21.3,0
17.0,177.0,0.0,20.9,2.0,0.0,0
14.8,216.0,0.0,5.8,2.0,13.2,0
27.5,142.0,0.0,19.4,2.0,0.0,0
56.6,273.0,1.0,23.9,0.0,14.0,0
46.3,262.0,1.0,16.0,0.0,0.0,0
50.1,201.0,0.0,29.4,1.0,3.3,0
63.8,108.0,3.0,19.2,0.0,34.1,1
74.3,292.0,0.0,11.3,0.0,0.0,0
32.5,150.0,1.0,31.4,2.0,0.0,0
31.2,251.0,1.0,19.8,1.0,0.5,0
64.9,184.0,3.0,20.6,0.0,24.8,0
40.1,209.0,2.0,24.6,1.0,0.0,1
66.9,215.0,5.0,14.6,0.0,18.1,1
45.2,242.0,1.0,8.5,0.0,5.6,0
35.5,224.0,0.0,16.4,1.0,0.0,0
26.4,213.0,0.0,27.6,2.0,3.3,1
31.0,65.0,1.0,17.2,2.0,22.5,0
61.9,136.0,4.0,20.4,0.0,25.1,1
16.6,209.0,0.0,12.7,2.0,14.2,1
50.4,435.0,2.0,29.1,0.0,13.7,1
58.4,182.0,3.0,12.9,0.0,28.2,1
58.4,185.0,2.0,3.4,0.0,14.5,0
29.9,131.0,1.0,27.8,2.0,3.7,0
16.9,122.0,0.0,21.2,3.0,3.1,1
38.6,1.0,2.0,16.7,2.0,42.5,1
44.0,249.0,2.0,9.4,0.0,19.4,0
44.1,12.0,1.0,6.4,1.0,0.0,0
55.3,305.0,0.0,22.1,0.0,0.0,0
22.6,156.0,0.0,33.3,2.0,16.9,0
27.1,99.0,1.0,26.2,2.0,9.7,0
31.8,144.0,4.0,28.5,1.0,8.1,1
40.7,57.0,3.0,8.4,1.0,22.5,1
41.0,291.0,0.0,25.8,1.0,14.9,1
49.5,79.0,3.0,1.7,1.0,38.4,1
34.0,257.0,1.0,21.3,1.0,6.9,1
63.6,278.0,2.0,24.1,0.0,22.0,0
42.0,208.0,3.0,24.7,1.0,19.7,0
26.8,116.0,1.0,3.4,2.0,32.5,0
33.5,78.0,0.0,22.5,2.0,0.0,0
45.4,328.0,4.0,18.0,0.0,0.0,1
59.9,180.0,0.0,25.8,0.0,10.4,0
47.2,278.0,0.0,4.3,0.0,7.1,0
52.1,174.0,2.0,23.5,0.0,12.8,0
13.9,230.0,0.0,31.6,2.0,0.0,0
48.0,262.0,0.0,12.3,0.0,0.0,0
32.0,224.0,3.0,25.4,1.0,12.8,0
74.9,219.0,4.0,20.2,0.0,22.8,1
38.3,83.0,1.0,26.2,2.0,4.7,0
58.9,255.0,0.0,7.7,0.0,1.0,0
35.9,90.0,0.0,26.4,2.0,0.0,0
74.9,236.0,0.0,21.3,0.0,11.2,0
53.3,307.0,0.0,24.8,0.0,3.1,0
33.2,88.0,0.0,26.2,2.0,0.0,0
37.5,44.0,1.0,12.8,2.0,0.0,0
18.7,187.0,0.0,6.3,2.0,13.7,0
66.6,219.0,0.0,19.6,0.0,1.6,0
20.7,138.0,0.0,23.4,2.0,10.6,0
26.0,283.0,0.0,23.7,1.0,0.0,0
28.9,133.0,1.0,29.3,2.0,16.7,0
12.7,174.0,1.0,31.7,2.0,4.3,1
62.3,156.0,3.0,6.6,0.0,30.8,0
36.3,52.0,1.0,32.8,2.0,37.6,1
47.2,5.0,3.0,16.9,1.0,7.6,0
37.2,234.0,2.0,25.8,1.0,0.0,1
35.9,79.0,2.0,30.4,2.0,18.8,0
55.9,276.0,0.0,19.7,0.0,1.9,1
54.5,224.0,5.0,24.0,0.0,9.2,1
41.2,266.0,1.0,23.1,1.0,10.6,0
47.4,206.0,4.0,15.0,0.0,11.0,1
39.3,273.0,5.0,19.8,0.0,0.0,1
38.6,79.0,2.0,26.3,2.0,14.7,0
38.0,57.0,2.0,18.8,2.0,12.0,0
34.5,109.0,1.0,3.5,2.0,0.0,0
42.5,262.0,0.0,19.5,1.0,5.0,1
31.4,43.0,1.0,17.8,2.0,2.8,0
35.5,116.0,1.0,14.2,2.0,0.0,0
44.3,31.0,3.0,10.6,2.0,33.4,1
50.8,369.0,1.0,20.5,0.0,6.3,1
48.4,35.0,3.0,25.9,1.0,33.3,1
18.5,125.0,2.0,21.7,2.0,0.0,1
40.3,152.0,3.0,29.0,1.0,22.5,1
68.7,280.0,0.0,12.2,0.0,4.5,0
20.0,174.0,1.0,24.2,2.0,36.6,0
52.7,292.0,1.0,10.6,0.0,6.4,1
54.4,287.0,0.0,4.5,0.0,11.6,1
0.0,50.0,2.0,26.1,4.0,0.0,1
67.9,243.0,0.0,29.6,0.0,10.2,0
32.8,252.0,0.0,30.1,1.0,4.8,1
30.5,209.0,4.0,26.7,1.0,0.0,1
69.0,84.0,1.0,13.4,0.0,54.7,1
44.3,48.0,2.0,27.8,1.0,0.0,0
40.2,131.0,1.0,28.5,1.0,0.0,0
23.5,169.0,1.0,19.3,2.0,26.7,0
51.0,241.0,2.0,16.2,0.0,9.3,0
25.9,141.0,0.0,17.4,2.0,2.3,1
46.3,259.0,4.0,11.2,0.0,6.5,1
17.9,204.0,0.0,20.8,2.0,28.1,0
15.7,143.0,0.0,19.8,3.0,0.0,0
49.9,161.0,3.0,28.1,1.0,28.6,0
30.4,299.0,0.0,23.0,1.0,14.8,1
64.6,239.0,1.0,9.2,0.0,12.7,0
53.7,270.0,0.0,31.3,0.0,1.1,0
64.4,206.0,0.0,10.8,0.0,0.0,0
48.3,238.0,1.0,15.6,0.0,5.3,0
59.3,218.0,0.0,37.6,0.0,2.9,0
50.9,136.0,3.0,24.8,1.0,27.1,1
42.6,62.0,1.0,20.1,1.0,0.0,0
42.7,262.0,2.0,18.9,0.0,4.5,0
61.7,243.0,0.0,21.1,0.0,0.0,0
34.0,84.0,1.0,24.1,2.0,6.5,0
59.2,179.0,4.0,8.9,0.0,25.4,1
28.8,88.0,2.0,17.0,2.0,44.7,0
28.1,235.0,3.0,14.1,1.0,20.2,0
18.1,161.0,0.0,23.4,2.0,23.7,0
38.4,68.0,4.0,21.2,1.0,19.9,1
51.7,267.0,6.0,25.8,0.0,0.9,1
37.6,84.0,2.0,35.1,2.0,13.6,0
43.5,265.0,1.0,31.2,0.0,0.0,0
47.1,152.0,4.0,15.9,1.0,14.7,1
18.9,111.0,2.0,21.3,2.0,0.0,1
29.6,146.0,0.0,15.7,2.0,0.0,0
43.2,137.0,4.0,14.8,1.0,19.0,1
51.7,228.0,4.0,19.4,0.0,7.2,1
44.5,130.0,3.0,30.4,1.0,19.2,1
39.8,263.0,1.0,28.8,1.0,6.1,0
10.3,138.0,0.0,7.9,3.0,0.7,1
31.8,155.0,1.0,26.8,2.0,3.2,0
39.5,188.0,5.0,17.3,1.0,24.7,0
4.9,78.0,0.0,20.0,4.0,0.0,1
7.7,257.0,0.0,16.6,3.0,25.1,0
22.0,198.0,0.0,24.9,2.0,16.9,0
24.1,239.0,1.0,27.6,2.0,0.2,1
40.7,13.0,2.0,9.7,2.0,29.9,1
38.7,127.0,4.0,18.3,1.0,21.1,1
52.6,245.0,1.0,10.9,0.0,8.1,0
26.7,143.0,0.0,23.2,2.0,7.3,0
31.0,112.0,0.0,5.8,2.0,2.0,0
11.6,121.0,3.0,18.2,3.0,0.0,1
53.0,125.0,4.0,6.2,0.0,21.8,1
38.7,230.0,2.0,16.0,1.0,0.8,0
63.9,294.0,6.0,19.3,0.0,13.5,1
32.3,113.0,0.0,18.4,2.0,0.0,0
23.9,250.0,2.0,19.9,1.0,0.0,1
66.0,247.0,0.0,12.7,0.0,0.0,0
39.2,66.0,1.0,17.8,2.0,0.0,0
19.7,195.0,0.0,21.7,2.0,5.8,0
53.7,264.0,1.0,4.0,0.0,13.8,0
41.4,140.0,4.0,13.6,1.0,14.7,1
21.1,155.0,0.0,24.6,2.0,16.8,0
44.8,132.0,3.0,24.1,1.0,25.1,1
30.8,291.0,1.0,11.2,1.0,5.2,0
36.7,313.0,0.0,15.7,1.0,6.9,1
43.3,21.0,3.0,13.5,2.0,9.6,0
77.5,255.0,1.0,21.6,0.0,18.2,0
37.0,107.0,0.0,32.4,1.0,0.0,0
23.1,152.0,0.0,21.3,2.0,0.0,0
34.9,175.0,4.0,2.0,1.0,24.5,0
45.3,41.0,2.0,16.9,1.0,0.0,0
60.5,240.0,0.0,35.3,0.0,0.0,1
57.1,213.0,2.0,18.8,0.0,11.2,0
33.2,76.0,2.0,27.3,2.0,23.2,0
42.2,24.0,2.0,26.6,2.0,12.5,1
48.0,170.0,3.0,23.7,0.0,5.2,0
55.3,265.0,0.0,23.7,0.0,0.0,0
55.5,230.0,2.0,29.5,0.0,15.4,0
35.3,56.0,2.0,28.6,2.0,24.6,1
48.6,228.0,2.0,21.4,0.0,24.1,0
30.9,182.0,3.0,21.8,1.0,0.0,1
54.6,237.0,0.0,29.8,0.0,5.8,0
49.7,10.0,2.0,15.0,1.0,0.0,0
60.2,290.0,0.0,27.4,0.0,9.7,0
81.8,264.0,0.0,15.1,0.0,0.0,0
18.4,173.0,0.0,18.7,2.0,23.5,0
54.0,271.0,0.0,21.8,0.0,4.4,0
23.2,156.0,0.0,17.3,2.0,14.3,0
30.0,48.0,1.0,22.2,2.0,19.9,0
59.5,91.0,3.0,27.4,0.0,30.9,1
40.3,1.0,4.0,27.7,2.0,34.1,1
23.8,199.0,0.0,16.2,2.0,2.8,0
29.0,116.0,1.0,26.4,2.0,5.9,0
57.0,292.0,0.0,27.0,0.0,2.4,0
32.2,168.0,4.0,11.4,1.0,12.7,1
44.5,50.0,1.0,30.9,1.0,0.0,0
33.7,119.0,0.0,29.9,2.0,0.0,0
39.3,1.0,2.0,14.1,2.0,41.2,1
69.6,298.0,0.0,14.6,0.0,2.3,0
32.4,262.0,3.0,23.0,1.0,0.0,1
37.5,80.0,2.0,7.1,2.0,17.0,0
31.6,1.0,2.0,20.6,3.0,44.7,1
40.1,226.0,0.0,40.2,1.0,0.0,0
30.9,205.0,0.0,21.4,2.0,8.5,1
33.2,84.0,2.0,11.9,2.0,23.5,0
23.0,224.0,0.0,8.4,2.0,12.0,1
43.0,248.0,0.0,10.4,1.0,0.0,0
21.1,191.0,0.0,16.4,2.0,13.5,1
63.1,245.0,0.0,15.9,0.0,9.5,0
33.0,79.0,1.0,29.0,2.0,2.3,0
21.3,137.0,0.0,24.1,2.0,9.9,0
51.1,284.0,3.0,12.1,0.0,21.5,0
28.2,101.0,3.0,20.9,2.0,21.1,1
39.8,1.0,2.0,11.2,2.0,22.2,0
58.0,315.0,0.0,30.2,0.0,2.5,0
59.0,244.0,0.0,32.6,0.0,0.0,0
37.2,198.0,3.0,20.7,1.0,13.2,0
59.1,410.0,3.0,18.9,0.0,10.1,1
37.9,164.0,3.0,16.7,1.0,0.0,1
18.3,180.0,0.0,21.0,2.0,10.4,0
27.7,246.0,2.0,13.7,1.0,12.8,0
49.5,1.0,3.0,24.9,1.0,0.0,0
28.7,147.0,1.0,25.5,2.0,25.1,0
33.4,67.0,0.0,26.9,2.0,0.0,0
28.7,173.0,1.0,6.3,2.0,2.2,1
25.8,167.0,0.0,35.9,2.0,0.0,0
52.3,330.0,0.0,17.5,0.0,13.6,1
55.6,240.0,0.0,20.0,0.0,0.0,0
44.9,294.0,0.0,11.0,0.0,2.8,0
27.8,148.0,0.0,20.4,2.0,0.0,0
40.1,57.0,1.0,22.5,2.0,0.0,0
30.3,122.0,0.0,20.2,2.0,0.7,0
45.8,311.0,1.0,16.2,0.0,17.9,0
49.1,355.0,0.0,19.4,0.0,25.4,0
49.1,320.0,0.0,24.4,0.0,0.0,0
41.9,31.0,2.0,18.2,2.0,1.4,0
32.6,101.0,0.0,22.3,2.0,0.0,0
51.5,10.0,3.0,16.8,1.0,2.1,0
71.9,280.0,0.0,1.0,0.0,0.0,0
39.8,77.0,1.0,8.6,1.0,0.0,0
39.8,276.0,0.0,29.3,1.0,0.0,0
49.4,284.0,0.0,29.9,0.0,3.9,0
34.8,135.0,2.0,36.0,1.0,15.5,0
37.2,17.0,2.0,18.2,2.0,35.2,1
72.0,166.0,3.0,19.1,0.0,31.6,1
64.0,300.0,0.0,21.7,0.0,0.0,0
39.7,52.0,2.0,22.8,2.0,18.7,0
52.5,189.0,3.0,33.5,0.0,13.2,0
33.0,121.0,0.0,31.3,2.0,0.0,0
15.9,157.0,0.0,16.1,3.0,22.3,0
49.0,341.0,0.0,12.5,0.0,12.7,0
7.9,194.0,0.0,8.6,3.0,46.5,0
40.7,94.0,2.0,13.0,1.0,36.0,1
37.4,74.0,1.0,18.5,2.0,0.0,0
19.4,175.0,1.0,28.6,2.0,35.0,1
23.2,154.0,0.0,31.5,2.0,1.3,1
95.3,296.0,0.0,1.0,0.0,0.0,0
50.6,124.0,3.0,14.8,1.0,32.9,1
36.0,185.0,5.0,28.9,1.0,17.5,0
64.7,225.0,2.0,22.6,0.0,19.7,0
29.1,139.0,0.0,18.4,2.0,0.0,0
63.8,239.0,1.0,20.3,0.0,22.5,0
23.9,298.0,1.0,6.6,1.0,4.1,0
57.1,116.0,5.0,22.6,0.0,27.3,1
53.8,162.0,3.0,20.7,0.0,28.8,1
50.3,216.0,2.0,25.0,0.0,8.2,0
31.8,239.0,1.0,7.6,1.0,0.0,1
47.9,1.0,3.0,14.8,1.0,2.7,0
57.0,199.0,3.0,24.4,0.0,25.8,1
44.2,229.0,1.0,30.5,1.0,6.3,0
12.0,217.0,3.0,16.0,2.0,5.0,0
44.8,237.0,1.0,26.7,0.0,5.5,0
48.2,243.0,1.0,25.2,0.0,3.0,0
47.3,208.0,0.0,12.8,1.0,0.0,0
42.8,198.0,1.0,26.9,1.0,5.5,0
53.7,48.0,2.0,13.0,1.0,38.5,1
9.4,217.0,4.0,5.4,2.0,0.0,1
31.0,95.0,1.0,24.5,2.0,22.8,0
53.8,143.0,4.0,26.3,0.0,24.0,1
47.7,357.0,1.0,39.4,0.0,16.3,1
11.7,255.0,0.0,26.4,2.0,16.5,0
30.9,134.0,0.0,35.1,2.0,0.0,0
70.6,98.0,4.0,19.9,0.0,32.2,1
36.5,250.0,0.0,23.6,1.0,0.1,0
17.4,225.0,3.0,22.2,2.0,0.0,1
10.0,29.0,0.0,27.0,3.0,4.9,1
27.5,156.0,0.0,15.6,2.0,2.0,1
33.3,191.0,4.0,4.8,1.0,18.1,0
28.3,157.0,0.0,2.5,2.0,9.4,0
28.7,114.0,0.0,24.1,2.0,10.4,0
51.4,84.0,3.0,29.9,1.0,24.8,1
50.2,272.0,0.0,8.3,0.0,0.0,0
55.3,215.0,0.0,29.3,0.0,0.0,0
37.3,350.0,1.0,21.5,0.0,13.9,1
57.7,274.0,0.0,22.4,0.0,0.0,0
12.3,246.0,0.0,23.3,2.0,25.8,0
51.9,160.0,5.0,13.0,0.0,10.8,1
35.8,56.0,0.0,7.1,2.0,0.0,0
46.2,208.0,3.0,22.6,1.0,27.9,0
63.9,464.0,3.0,26.3,0.0,17.1,1
30.2,174.0,2.0,22.4,2.0,10.8,0
49.7,185.0,2.0,19.2,0.0,10.2,1
62.5,127.0,3.0,6.3,0.0,31.2,1
51.2,192.0,5.0,29.6,0.0,13.2,1
43.6,229.0,0.0,15.6,1.0,0.0,0
13.2,188.0,0.0,17.1,3.0,30.5,0
61.9,259.0,0.0,20.6,0.0,4.3,0
18.3,186.0,0.0,26.9,2.0,28.1,0
59.9,179.0,5.0,8.9,0.0,17.2,1
56.1,68.0,3.0,20.3,1.0,33.0,1
42.8,195.0,0.0,34.4,1.0,2.8,0
11.0,261.0,0.0,23.6,2.0,9.3,0
29.3,329.0,2.0,30.9,1.0,6.5,1
7.7,245.0,0.0,23.2,3.0,19.7,0
25.0,227.0,0.0,28.6,2.0,0.0,0
13.1,214.0,0.0,27.1,3.0,38.7,1
53.0,17.0,4.0,21.0,1.0,0.0,0
47.9,85.0,3.0,26.0,1.0,25.9,1
68.1,229.0,1.0,12.0,0.0,19.8,0
19.7,142.0,0.0,20.9,2.0,2.0,1
39.0,196.0,4.0,17.7,1.0,14.6,0
16.1,212.0,0.0,28.7,2.0,18.6,0
56.5,215.0,1.0,24.4,0.0,3.7,0
35.9,140.0,4.0,20.9,1.0,14.6,0
55.2,245.0,0.0,5.8,0.0,0.0,0
64.6,142.0,0.0,11.2,0.0,3.8,0
13.2,243.0,0.0,18.0,2.0,33.0,0
20.3,182.0,0.0,23.3,2.0,0.0,0
16.4,182.0,0.0,20.7,2.0,20.0,0
77.6,262.0,0.0,36.4,0.0,0.0,0
30.8,121.0,1.0,13.1,2.0,15.1,0
49.5,236.0,0.0,20.0,0.0,0.0,0
34.4,279.0,0.0,29.4,1.0,0.0,1
31.4,117.0,0.0,19.9,2.0,0.0,0
35.9,90.0,0.0,35.9,2.0,0.0,0
23.4,214.0,0.0,20.1,2.0,0.2,1
36.2,117.0,2.0,25.8,2.0,18.9,0
26.4,136.0,1.0,14.3,2.0,11.0,0
47.5,173.0,2.0,16.1,1.0,6.7,0
29.0,163.0,0.0,4.8,2.0,0.0,0
42.7,224.0,1.0,25.3,1.0,6.8,0
40.6,257.0,0.0,12.6,1.0,8.5,0
42.9,72.0,2.0,24.4,1.0,8.6,0
0.0,66.0,0.0,22.2,4.0,0.2,1
21.1,146.0,0.0,33.1,2.0,12.5,0
32.1,116.0,0.0,21.2,2.0,0.0,0
53.3,210.0,1.0,17.1,0.0,13.0,0
1.0,233.0,0.0,10.1,3.0,34.1,0
44.8,188.0,4.0,26.9,1.0,25.3,0
42.0,17.0,3.0,36.6,2.0,21.3,0
54.6,267.0,0.0,16.2,0.0,0.0,0
34.4,79.0,1.0,25.6,2.0,4.3,0
25.5,321.0,3.0,9.8,1.0,0.0,1
36.4,243.0,0.0,4.2,1.0,11.7,1
47.7,229.0,0.0,27.9,0.0,0.0,0
42.0,259.0,1.0,17.5,1.0,3.8,0
25.7,143.0,2.0,21.0,2.0,0.0,1
67.7,217.0,0.0,35.8,0.0,0.0,0
40.5,59.0,2.0,32.8,2.0,11.7,0
58.1,262.0,2.0,19.6,0.0,20.6,0
29.2,285.0,1.0,19.4,1.0,9.8,0
33.1,114.0,1.0,13.8,2.0,0.0,0
39.5,226.0,4.0,11.6,1.0,20.0,0
29.3,55.0,3.0,22.3,2.0,22.2,1
31.8,357.0,1.0,21.8,1.0,9.5,1
17.7,196.0,3.0,20.4,2.0,0.0,1
32.9,215.0,3.0,30.2,1.0,24.0,0
47.3,5.0,3.0,10.3,1.0,7.6,0
27.8,82.0,0.0,20.6,2.0,12.6,0
40.1,221.0,0.0,8.0,1.0,0.0,0
62.8,35.0,2.0,33.7,1.0,43.0,1
56.8,193.0,3.0,16.0,0.0,20.1,0
53.8,289.0,0.0,37.5,0.0,4.0,0
62.5,89.0,3.0,17.7,0.0,30.4,1
41.4,250.0,0.0,24.2,1.0,0.0,0
70.6,196.0,0.0,21.5,0.0,1.8,0
29.1,122.0,0.0,30.0,2.0,0.0,0
55.0,192.0,3.0,10.9,0.0,25.1,0
21.8,158.0,0.0,20.2,2.0,27.1,0
47.7,331.0,0.0,23.6,0.0,0.0,0
36.5,120.0,4.0,13.1,1.0,14.4,1
8.1,239.0,0.0,24.0,3.0,0.0,0
62.7,239.0,0.0,29.7,0.0,1.3,0
31.9,180.0,3.0,31.8,1.0,16.7,0
7.4,121.0,0.0,7.8,3.0,3.6,1
41.2,367.0,1.0,21.7,0.0,12.6,1
40.7,211.0,3.0,24.0,1.0,16.3,1
39.2,316.0,2.0,9.9,0.0,0.0,1
58.6,243.0,0.0,12.5,0.0,6.2,0
30.1,273.0,0.0,10.4,1.0,0.0,0
69.1,248.0,0.0,25.1,0.0,6.5,0
19.8,224.0,1.0,20.3,2.0,13.1,1
35.2,97.0,1.0,20.9,2.0,0.0,0
38.9,83.0,2.0,6.8,2.0,9.9,0
20.9,196.0,0.0,21.2,2.0,13.9,0
26.1,103.0,0.0,12.0,2.0,2.1,0
37.3,213.0,2.0,6.9,1.0,7.0,0
44.4,1.0,3.0,21.0,2.0,41.4,1
62.0,119.0,3.0,25.8,0.0,41.8,1
17.7,221.0,0.0,27.0,2.0,6.4,0
53.8,251.0,0.0,21.5,0.0,0.0,0
9.7,212.0,0.0,21.4,3.0,4.2,0
46.8,299.0,4.0,24.0,0.0,3.3,1
47.4,1.0,2.0,30.0,1.0,0.0,0
16.3,174.0,0.0,30.7,2.0,0.0,1
24.8,312.0,0.0,26.5,1.0,0.0,0
41.1,41.0,2.0,24.8,2.0,0.0,0
36.4,82.0,2.0,29.8,2.0,24.2,0
33.5,228.0,2.0,24.2,1.0,3.9,0
19.3,165.0,0.0,29.6,3.0,20.5,1
43.7,258.0,0.0,16.9,1.0,5.6,0
41.9,5.0,3.0,29.0,2.0,23.0,0
40.3,87.0,2.0,21.8,1.0,8.7,0
38.9,270.0,0.0,14.9,1.0,0.0,0
15.4,187.0,0.0,26.5,2.0,17.5,0
37.5,293.0,1.0,27.0,1.0,3.3,1
50.2,269.0,0.0,20.7,0.0,0.0,0
40.8,44.0,1.0,41.1,2.0,0.0,0
39.8,231.0,3.0,25.0,1.0,0.0,0
59.0,153.0,3.0,17.3,0.0,43.6,1
38.9,246.0,2.0,3.3,1.0,0.0,0
20.0,201.0,0.0,18.7,2.0,1.2,0
35.0,284.0,2.0,15.9,1.0,15.4,0
24.1,187.0,1.0,11.3,2.0,22.2,0
55.1,194.0,3.0,15.8,0.0,22.1,0
32.1,6.0,1.0,8.1,2.0,34.8,1
36.5,167.0,3.0,19.7,1.0,6.1,0
49.0,182.0,6.0,22.1,0.0,4.5,1
80.4,246.0,0.0,14.1,0.0,9.5,0
22.6,196.0,0.0,27.6,2.0,12.4,0
42.2,130.0,5.0,24.5,1.0,31.8,0
54.9,207.0,1.0,18.7,0.0,4.6,0
60.9,190.0,4.0,25.9,0.0,23.0,0
30.4,153.0,3.0,30.6,1.0,0.0,1
30.9,278.0,0.0,14.9,1.0,8.0,1
58.0,226.0,2.0,17.5,0.0,22.1,1
47.2,246.0,2.0,17.7,0.0,9.5,0
38.9,289.0,0.0,19.0,1.0,11.0,1
62.0,232.0,0.0,29.1,0.0,3.7,0
28.9,166.0,0.0,17.2,2.0,0.0,0
32.8,120.0,3.0,25.9,2.0,17.7,1
38.2,14.0,1.0,13.9,2.0,8.5,0
33.9,219.0,0.0,18.4,1.0,6.2,0
41.9,199.0,3.0,4.5,1.0,21.5,0
54.4,229.0,5.0,20.4,0.0,12.1,1
63.0,254.0,0.0,13.0,0.0,0.0,0
21.6,206.0,1.0,17.0,2.0,0.8,1
13.8,198.0,1.0,11.3,3.0,42.1,0
35.3,239.0,0.0,26.9,1.0,0.2,0
74.3,193.0,2.0,28.7,0.0,20.3,0
43.2,35.0,1.0,25.5,2.0,1.1,0
12.5,208.0,0.0,20.6,3.0,0.0,0
49.9,180.0,4.0,21.2,0.0,16.9,1
56.5,145.0,4.0,37.0,0.0,24.9,1
40.6,255.0,1.0,25.8,1.0,1.2,0
28.0,200.0,2.0,11.9,1.0,5.4,0
56.2,260.0,1.0,29.7,0.0,2.8,0
47.8,190.0,5.0,15.8,0.0,19.0,1
19.3,274.0,2.0,30.3,2.0,6.7,0
36.3,60.0,2.0,11.3,2.0,8.2,0
47.3,73.0,4.0,24.2,1.0,28.8,1
23.0,201.0,1.0,13.0,2.0,15.6,0
17.9,169.0,0.0,32.6,2.0,10.2,0
35.1,100.0,2.0,35.8,2.0,13.7,0
17.7,171.0,0.0,10.1,2.0,4.1,0
26.4,145.0,1.0,20.8,2.0,22.8,0
25.1,130.0,0.0,21.1,2.0,20.0,0
19.1,203.0,0.0,24.3,2.0,0.0,0
36.4,80.0,1.0,33.0,2.0,3.1,0
48.1,203.0,2.0,21.4,0.0,13.4,0
20.3,199.0,0.0,24.4,2.0,0.0,0
24.1,144.0,0.0,14.0,2.0,3.7,0
59.8,270.0,1.0,23.3,0.0,24.6,0
37.1,88.0,0.0,29.8,2.0,0.0,0
21.0,97.0,0.0,16.2,2.0,0.0,1
53.3,58.0,3.0,11.5,1.0,31.0,1
23.6,131.0,0.0,29.7,2.0,4.6,0
53.6,209.0,0.0,15.7,0.0,0.0,0
42.4,273.0,0.0,16.4,1.0,9.2,0
10.9,214.0,0.0,28.5,3.0,22.5,0
55.4,305.0,0.0,26.0,0.0,12.1,0
23.8,183.0,1.0,3.7,2.0,12.9,0
55.3,80.0,4.0,17.7,1.0,30.2,1
47.9,33.0,2.0,31.4,1.0,0.0,0
53.5,245.0,0.0,18.6,0.0,0.0,0
64.7,227.0,0.0,17.4,0.0,5.5,0
60.1,199.0,3.0,14.9,0.0,14.9,0
46.5,9.0,0.0,32.4,1.0,0.0,0
44.4,1.0,1.0,25.3,2.0,0.0,0
12.3,232.0,0.0,15.4,2.0,9.8,1
63.8,242.0,1.0,21.3,0.0,2.5,0
60.6,1.0,4.0,18.0,1.0,0.0,0
30.4,254.0,0.0,12.7,1.0,0.0,0
38.2,92.0,2.0,18.6,1.0,15.3,0
12.6,212.0,0.0,31.9,3.0,15.7,0
13.4,202.0,0.0,27.8,3.0,3.4,0
51.2,260.0,0.0,22.2,0.0,7.9,0
17.0,247.0,2.0,17.0,2.0,0.0,0
42.8,278.0,1.0,12.1,0.0,0.0,0
44.2,310.0,5.0,17.7,0.0,0.0,1
51.2,242.0,0.0,25.0,0.0,0.0,0
42.2,274.0,0.0,18.6,1.0,5.7,1
6.3,77.0,3.0,16.2,3.0,0.0,1
43.0,84.0,1.0,1.0,1.0,0.0,0
49.8,234.0,2.0,37.0,0.0,14.5,0
27.5,123.0,0.0,8.8,2.0,0.0,0
36.8,61.0,1.0,19.4,2.0,7.9,0
32.8,255.0,3.0,13.3,1.0,13.3,0
52.6,110.0,3.0,19.3,1.0,29.7,1
16.1,202.0,2.0,22.5,2.0,0.2,1
56.6,278.0,0.0,17.4,0.0,4.9,0
30.8,236.0,2.0,16.5,1.0,6.0,0
49.0,116.0,3.0,22.1,1.0,28.5,1
45.0,50.0,1.0,16.9,1.0,0.0,0
33.6,113.0,1.0,20.8,2.0,1.6,0
59.0,99.0,2.0,25.6,1.0,37.4,1
50.0,197.0,2.0,6.2,0.0,14.2,0
73.5,171.0,0.0,15.4,0.0,0.0,0
46.3,62.0,1.0,21.7,1.0,0.0,0
53.1,177.0,2.0,19.6,0.0,6.0,0
49.5,74.0,1.0,29.3,1.0,0.0,0
47.3,203.0,0.0,7.6,1.0,0.0,0
33.9,1.0,2.0,25.4,3.0,38.9,1
14.6,216.0,0.0,21.0,2.0,23.1,0
16.8,168.0,0.0,13.8,2.0,18.6,0
47.9,72.0,2.0,8.2,1.0,0.0,0
49.7,238.0,0.0,29.7,0.0,0.0,0
10.4,203.0,0.0,15.6,3.0,24.0,0
57.0,192.0,2.0,17.5,0.0,5.5,0
34.1,263.0,1.0,16.7,1.0,2.6,0
13.1,199.0,0.0,24.3,3.0,17.2,0
25.2,238.0,0.0,17.8,2.0,17.1,1
31.2,82.0,1.0,28.7,2.0,11.4,0
40.3,94.0,1.0,14.4,1.0,0.0,0
43.9,224.0,0.0,25.7,1.0,0.0,0
37.5,104.0,0.0,16.2,1.0,0.0,1
44.3,246.0,0.0,29.1,1.0,0.0,0
33.4,121.0,1.0,11.9,2.0,6.0,0
31.3,250.0,4.0,25.6,1.0,32.8,0
28.6,101.0,0.0,26.0,2.0,0.0,0
48.0,211.0,3.0,18.2,0.0,17.7,0
38.0,25.0,2.0,4.9,2.0,34.3,1
43.3,1.0,3.0,10.3,2.0,37.5,1
59.9,224.0,1.0,21.5,0.0,3.2,0
37.2,299.0,1.0,10.7,1.0,0.0,1
23.0,180.0,0.0,16.8,2.0,4.8,0
64.0,166.0,5.0,24.8,0.0,21.6,1
44.5,62.0,0.0,34.9,1.0,0.0,0
39.9,228.0,0.0,22.3,1.0,0.0,0
38.7,83.0,0.0,20.7,1.0,0.0,0
45.6,353.0,0.0,24.0,0.0,9.6,1
51.6,36.0,2.0,19.0,1.0,38.9,1
55.0,84.0,2.0,16.1,1.0,38.8,1
39.1,92.0,2.0,31.8,1.0,19.6,0
50.9,8.0,1.0,16.1,2.0,45.5,1
51.9,97.0,4.0,14.7,1.0,25.3,1
42.0,39.0,3.0,25.3,2.0,35.1,1
45.8,259.0,0.0,11.2,0.0,2.5,0
20.4,199.0,0.0,6.9,2.0,0.0,0
54.9,251.0,0.0,16.5,0.0,0.0,0
52.2,1.0,2.0,12.8,1.0,0.0,0
57.6,156.0,2.0,12.0,0.0,15.2,0
0.0,302.0,0.0,24.3,3.0,13.8,0
43.4,299.0,0.0,38.1,0.0,0.0,0
60.4,252.0,2.0,11.1,0.0,26.6,0
27.0,163.0,0.0,25.0,2.0,0.0,0
67.6,263.0,0.0,25.6,0.0,0.0,0
63.1,20.0,3.0,12.1,1.0,42.8,1
35.5,263.0,1.0,19.8,1.0,6.3,0
39.9,377.0,1.0,26.7,0.0,11.1,1
48.7,289.0,0.0,13.9,0.0,3.8,0
19.9,182.0,0.0,8.8,2.0,10.5,1
89.2,311.0,0.0,20.1,0.0,0.0,0
72.5,196.0,4.0,25.9,0.0,20.5,1
24.3,316.0,2.0,36.0,1.0,14.2,1
36.6,4.0,0.0,11.1,2.0,0.0,0
38.5,85.0,1.0,26.8,1.0,0.0,0
15.2,193.0,0.0,22.7,2.0,0.0,1
47.4,85.0,2.0,24.5,1.0,33.0,1
48.8,90.0,3.0,9.2,1.0,27.5,1
47.3,123.0,3.0,30.1,1.0,19.7,1
27.1,158.0,0.0,27.9,2.0,0.0,0
43.2,236.0,2.0,19.2,1.0,10.1,0
19.8,138.0,0.0,25.3,2.0,7.2,1
26.9,146.0,1.0,20.6,2.0,11.6,0
25.1,164.0,0.0,20.4,2.0,8.7,1
66.0,244.0,0.0,29.3,0.0,1.0,0
73.4,180.0,5.0,30.8,0.0,24.6,1
33.0,84.0,2.0,19.8,2.0,30.5,0
37.2,69.0,2.0,26.1,2.0,7.8,0
38.9,188.0,0.0,1.0,1.0,0.0,0
52.2,233.0,0.0,19.5,0.0,0.0,0
41.9,270.0,0.0,30.3,1.0,0.0,0
48.3,243.0,0.0,2.2,0.0,8.6,0
45.5,213.0,1.0,33.2,1.0,10.2,0
25.4,236.0,2.0,7.1,1.0,0.0,1
0.0,36.0,0.0,32.4,4.0,5.1,1
54.8,283.0,0.0,14.4,0.0,0.0,0
39.2,60.0,2.0,22.3,2.0,13.1,0
56.8,266.0,0.0,15.9,0.0,0.0,0
39.7,254.0,4.0,16.2,0.0,0.0,1
45.8,216.0,1.0,37.1,1.0,0.0,0
29.6,289.0,3.0,19.9,1.0,15.7,0
27.4,210.0,3.0,19.5,1.0,15.1,0
57.5,165.0,1.0,10.9,0.0,1.3,0
67.6,149.0,5.0,28.0,0.0,20.9,1
14.9,107.0,4.0,23.1,2.0,9.6,1
25.6,265.0,2.0,34.2,1.0,0.0,1
48.0,133.0,3.0,6.6,1.0,27.3,1
23.2,320.0,0.0,33.0,1.0,0.0,0
41.5,241.0,0.0,21.2,1.0,0.0,0
26.5,147.0,0.0,23.3,2.0,9.2,0
86.3,210.0,0.0,19.8,0.0,0.0,0
33.9,99.0,0.0,16.8,2.0,0.0,0
19.6,268.0,2.0,23.4,2.0,10.4,0
20.4,158.0,0.0,14.5,2.0,12.1,0
23.7,188.0,0.0,18.9,2.0,10.1,0
49.4,302.0,0.0,23.7,0.0,13.3,1
42.9,228.0,0.0,9.5,1.0,10.2,0
30.7,192.0,0.0,19.7,2.0,6.5,1
17.5,68.0,0.0,28.5,3.0,0.0,1
30.8,96.0,0.0,20.9,2.0,0.0,1
38.3,218.0,2.0,4.4,1.0,14.7,0
35.3,122.0,0.0,19.2,2.0,0.0,0
33.0,117.0,0.0,4.2,2.0,3.4,0
31.5,106.0,0.0,30.6,2.0,0.0,0
19.1,73.0,0.0,26.2,3.0,0.0,1
73.9,162.0,4.0,19.2,0.0,35.0,1
56.1,449.0,3.0,13.4,0.0,5.1,1
38.5,269.0,1.0,15.7,1.0,0.0,1
42.4,255.0,4.0,19.4,0.0,19.9,0
36.6,121.0,2.0,19.5,1.0,11.9,0
52.7,110.0,3.0,16.3,1.0,37.8,1
42.8,316.0,0.0,11.6,0.0,7.2,1
36.1,69.0,2.0,14.7,2.0,7.9,0
47.7,121.0,3.0,34.8,1.0,20.3,1
44.8,231.0,0.0,27.0,1.0,0.0,0
43.5,52.0,2.0,13.1,1.0,7.1,0
49.3,4.0,2.0,18.7,2.0,41.8,1
25.3,159.0,0.0,15.3,2.0,6.6,0
50.5,80.0,3.0,30.4,1.0,25.2,1
55.0,225.0,0.0,14.8,0.0,0.0,0
35.2,227.0,1.0,28.8,1.0,5.2,0
11.6,211.0,0.0,10.0,3.0,7.5,1
50.1,187.0,4.0,11.6,0.0,24.0,0
19.4,229.0,1.0,28.8,2.0,8.0,1
68.2,139.0,4.0,21.9,0.0,28.0,1
18.1,193.0,1.0,12.0,2.0,31.6,0
55.3,7.0,2.0,33.4,1.0,38.7,1
37.8,243.0,3.0,12.5,1.0,13.9,0
43.3,282.0,0.0,25.0,0.0,0.0,0
54.0,79.0,2.0,17.9,1.0,35.8,1
35.4,141.0,1.0,36.0,1.0,0.0,0
38.0,236.0,2.0,20.7,1.0,7.9,0
23.1,226.0,3.0,20.7,2.0,10.1,0
35.0,297.0,5.0,23.7,0.0,0.0,1
34.7,262.0,0.0,23.4,1.0,12.3,0
54.1,203.0,5.0,24.7,0.0,13.9,1
69.3,250.0,4.0,20.8,0.0,19.7,1
48.3,250.0,0.0,22.5,0.0,0.0,0
61.1,207.0,1.0,22.3,0.0,6.9,0
27.8,86.0,4.0,25.1,2.0,16.3,1
28.2,238.0,0.0,20.8,2.0,0.0,1
17.4,198.0,0.0,16.7,2.0,4.4,0
14.3,60.0,0.0,6.7,3.0,0.0,1
39.6,76.0,3.0,28.9,2.0,19.5,0
35.2,118.0,2.0,12.6,2.0,8.6,0
38.1,120.0,1.0,10.4,1.0,5.9,0
33.3,222.0,2.0,11.6,1.0,8.8,0
31.6,145.0,0.0,24.6,2.0,0.0,0
63.4,275.0,0.0,2.0,0.0,0.0,0
41.8,71.0,1.0,23.1,1.0,0.0,0
38.5,1.0,0.0,31.9,3.0,60.7,1
41.0,56.0,3.0,14.2,2.0,29.1,1
32.8,123.0,1.0,25.9,2.0,11.5,0
33.7,197.0,4.0,11.9,1.0,20.1,0
43.2,59.0,3.0,12.7,1.0,31.8,1
43.7,272.0,0.0,31.1,0.0,0.0,0
27.3,157.0,0.0,22.5,2.0,5.3,0
37.5,75.0,3.0,7.6,2.0,17.8,1
16.3,120.0,0.0,14.6,3.0,30.8,0
26.1,141.0,0.0,26.1,2.0,0.0,0
70.5,238.0,0.0,27.6,0.0,0.0,1
46.9,206.0,2.0,19.4,0.0,7.3,0
46.8,238.0,0.0,13.7,1.0,3.6,0
34.8,262.0,0.0,25.4,1.0,11.0,1
58.3,125.0,3.0,21.5,0.0,28.4,1
13.9,191.0,0.0,24.4,2.0,1.7,1
3.9,25.0,2.0,16.1,3.0,0.0,1
12.9,127.0,0.0,26.7,3.0,6.7,1
56.1,281.0,0.0,12.9,0.0,0.0,0
60.5,343.0,7.0,29.1,0.0,0.0,1
63.1,289.0,0.0,26.5,0.0,0.0,0
14.4,218.0,0.0,17.3,2.0,6.0,0
36.0,75.0,1.0,10.3,2.0,0.0,0
37.1,254.0,1.0,19.5,1.0,15.8,1
71.4,228.0,0.0,34.2,0.0,4.4,0
35.8,38.0,0.0,12.4,2.0,0.0,0
31.4,52.0,1.0,9.2,2.0,12.9,0
44.1,238.0,0.0,15.5,1.0,5.9,0
28.2,85.0,1.0,34.4,2.0,25.2,0
53.8,249.0,2.0,16.6,0.0,13.8,0
27.5,262.0,2.0,21.1,1.0,0.0,1
25.5,321.0,0.0,20.1,1.0,0.0,0
46.8,188.0,2.0,11.2,1.0,16.3,0
51.8,436.0,1.0,11.7,0.0,4.1,1
29.7,93.0,0.0,19.8,2.0,1.7,0
33.7,211.0,2.0,19.2,1.0,0.0,1
18.4,140.0,0.0,17.7,3.0,0.0,1
12.3,237.0,0.0,27.0,2.0,12.4,0
33.7,90.0,1.0,20.2,2.0,9.0,0
51.4,221.0,2.0,27.0,0.0,5.6,0
50.8,250.0,2.0,16.1,0.0,12.0,0
32.4,82.0,0.0,26.7,2.0,0.0,0
47.3,260.0,0.0,18.0,0.0,0.0,0
48.6,95.0,3.0,23.5,1.0,31.0,1
42.3,39.0,2.0,11.3,2.0,6.4,0
71.7,219.0,0.0,11.5,0.0,0.4,0
47.3,163.0,2.0,24.4,1.0,9.9,0
19.6,181.0,0.0,8.6,2.0,15.2,0
53.9,193.0,3.0,17.2,0.0,20.1,1
15.8,180.0,0.0,32.4,2.0,8.5,0
49.7,240.0,1.0,28.7,0.0,12.4,0
44.5,289.0,0.0,20.9,0.0,0.0,0
22.7,281.0,3.0,24.5,1.0,10.0,0
50.2,219.0,2.0,12.4,0.0,12.8,0
46.9,391.0,2.0,22.2,0.0,0.0,1
36.8,225.0,0.0,15.4,1.0,0.0,0
26.9,170.0,6.0,18.9,1.0,0.0,1
50.8,254.0,0.0,13.9,0.0,0.0,0
49.2,32.0,1.0,23.1,1.0,0.0,0
30.3,104.0,0.0,21.8,2.0,7.2,0
26.9,183.0,1.0,11.8,2.0,8.4,0
43.7,203.0,2.0,14.1,1.0,5.4,0
51.8,251.0,0.0,35.3,0.0,7.6,0
58.1,177.0,0.0,34.5,0.0,0.0,0
30.3,98.0,1.0,29.7,2.0,6.4,0
49.3,262.0,0.0,33.3,0.0,4.3,0
47.4,217.0,3.0,14.3,0.0,14.2,0
45.9,9.0,2.0,15.3,2.0,37.2,1
4.7,231.0,0.0,20.7,3.0,17.0,0
39.0,76.0,2.0,1.0,1.0,2.7,0
33.2,70.0,0.0,16.2,2.0,0.0,0
59.0,212.0,0.0,16.1,0.0,0.0,0
30.3,142.0,1.0,27.4,2.0,16.7,0
43.6,325.0,0.0,32.3,0.0,1.8,1
48.4,317.0,0.0,26.5,0.0,0.0,0
38.6,114.0,0.0,21.0,1.0,0.0,0
34.3,109.0,0.0,26.4,2.0,0.0,0
47.0,108.0,4.0,15.3,1.0,21.7,1
64.2,439.0,0.0,18.5,0.0,29.1,1
41.9,35.0,1.0,12.2,2.0,0.0,0
61.1,150.0,3.0,28.7,0.0,33.7,1
58.7,195.0,0.0,14.1,0.0,3.9,0
49.8,194.0,4.0,14.9,0.0,19.1,1
49.7,365.0,1.0,12.4,0.0,14.3,1
29.9,263.0,2.0,18.2,1.0,9.9,0
23.5,108.0,0.0,8.0,2.0,16.4,0
43.0,94.0,2.0,24.2,1.0,2.6,0
32.5,252.0,0.0,27.3,1.0,6.4,0
55.1,215.0,2.0,21.4,0.0,17.6,0
51.2,226.0,3.0,15.2,0.0,15.5,0
33.7,267.0,1.0,33.2,1.0,13.1,0
40.0,41.0,1.0,25.6,2.0,0.0,0
29.4,130.0,1.0,24.7,2.0,15.6,0
21.0,145.0,0.0,34.5,2.0,23.4,0
40.7,284.0,0.0,22.5,1.0,7.3,0
36.2,307.0,2.0,14.2,1.0,3.6,1
29.6,118.0,0.0,11.6,2.0,0.0,0
43.4,53.0,2.0,23.7,1.0,9.1,0
59.3,301.0,0.0,20.9,0.0,0.0,1
43.9,170.0,4.0,12.3,1.0,17.9,1
27.8,1.0,2.0,24.9,3.0,31.0,1
40.4,66.0,2.0,25.8,1.0,0.0,0
0.0,326.0,0.0,8.2,3.0,17.8,0
35.2,52.0,3.0,27.7,2.0,29.1,1
48.6,170.0,2.0,22.2,0.0,2.8,0
35.9,66.0,1.0,16.8,2.0,0.0,0
38.5,221.0,0.0,12.8,1.0,0.0,0
42.0,84.0,3.0,33.7,1.0,24.0,1
23.1,146.0,1.0,12.9,2.0,31.5,0
10.5,196.0,0.0,9.9,3.0,28.2,0
50.8,316.0,2.0,11.4,0.0,2.6,1
30.6,133.0,2.0,23.8,2.0,27.1,0
40.2,190.0,4.0,20.1,1.0,3.2,0
41.6,88.0,3.0,15.0,1.0,23.2,1
41.3,138.0,5.0,31.3,1.0,12.3,1
61.8,225.0,0.0,16.1,0.0,7.7,0
30.6,1.0,3.0,19.7,2.0,19.4,1
65.2,201.0,2.0,24.3,0.0,12.5,0
56.1,188.0,5.0,16.1,0.0,20.7,1
34.4,94.0,1.0,16.0,2.0,0.0,0
13.2,214.0,0.0,9.7,2.0,28.1,0
32.4,112.0,2.0,27.8,2.0,14.0,0
49.0,112.0,3.0,13.6,1.0,30.8,1
26.4,310.0,2.0,21.1,1.0,5.2,1
27.8,338.0,0.0,17.1,1.0,14.8,1
47.8,277.0,0.0,30.2,0.0,0.0,0
22.6,179.0,1.0,24.1,2.0,27.2,0
52.5,74.0,4.0,36.6,1.0,23.8,1
52.8,233.0,0.0,14.0,0.0,9.5,0
44.7,41.0,1.0,24.7,1.0,0.0,0
41.0,319.0,0.0,13.1,0.0,0.0,0
29.6,242.0,0.0,14.7,1.0,0.0,0
50.7,308.0,0.0,10.4,0.0,0.0,0
20.7,225.0,7.0,21.0,1.0,39.1,0
37.0,288.0,0.0,17.0,1.0,14.5,1
60.2,211.0,0.0,15.3,0.0,0.0,0
29.1,234.0,2.0,23.2,1.0,0.0,0
33.7,204.0,2.0,22.3,1.0,0.0,1
31.6,131.0,0.0,6.5,2.0,0.0,0
37.3,261.0,2.0,37.6,1.0,19.7,0
27.6,111.0,4.0,6.0,2.0,8.5,1
32.8,129.0,1.0,33.5,2.0,7.0,0
49.2,258.0,0.0,30.1,0.0,0.0,0
37.6,77.0,1.0,26.7,2.0,1.5,0
28.4,295.0,1.0,15.0,1.0,0.0,1
23.4,105.0,1.0,28.6,2.0,25.0,0
33.0,82.0,1.0,24.2,2.0,11.6,0
28.8,140.0,0.0,18.7,2.0,0.0,0
48.9,12.0,3.0,13.1,1.0,5.3,0
37.5,49.0,2.0,15.5,2.0,18.1,0
40.5,175.0,1.0,25.2,1.0,0.0,1
47.5,238.0,3.0,19.8,0.0,24.3,0
43.0,100.0,1.0,24.6,1.0,0.0,0
25.5,240.0,0.0,22.9,2.0,21.8,1
32.4,201.0,0.0,10.8,2.0,12.6,1
37.7,219.0,1.0,6.1,1.0,6.6,1
25.7,154.0,0.0,29.3,2.0,0.0,0
35.0,276.0,0.0,25.9,1.0,4.1,0
54.7,265.0,1.0,27.4,0.0,11.6,0
56.7,89.0,2.0,19.7,1.0,39.7,1
28.9,130.0,0.0,20.9,2.0,0.0,0
10.6,178.0,0.0,31.2,3.0,6.9,0
67.6,190.0,5.0,20.4,0.0,19.0,1
52.6,305.0,0.0,10.7,0.0,0.0,0
58.6,167.0,3.0,15.3,0.0,28.6,1
52.0,133.0,3.0,23.9,1.0,21.1,1
63.8,210.0,5.0,17.8,0.0,19.8,1
79.9,254.0,0.0,13.7,0.0,0.0,0
49.5,381.0,3.0,19.3,0.0,6.8,1
30.1,30.0,1.0,17.4,2.0,4.5,0
66.4,259.0,0.0,32.6,0.0,0.0,0
30.7,121.0,1.0,20.2,2.0,4.1,0
64.5,243.0,0.0,19.1,0.0,13.9,0
27.0,124.0,1.0,23.3,2.0,19.5,0
9.6,34.0,0.0,25.4,3.0,0.0,1
25.6,135.0,1.0,20.7,2.0,27.9,0
36.5,230.0,0.0,13.6,1.0,0.0,0
61.8,175.0,4.0,12.7,0.0,26.8,1
39.7,26.0,1.0,29.2,2.0,0.0,0
45.3,1.0,1.0,11.6,2.0,0.0,0
27.1,158.0,2.0,37.2,2.0,44.9,0
38.9,34.0,4.0,27.2,2.0,49.8,0
32.0,37.0,2.0,31.1,2.0,22.7,1
34.3,217.0,2.0,23.3,1.0,0.3,1
32.6,118.0,1.0,21.7,2.0,0.0,0
58.5,153.0,2.0,16.4,0.0,3.6,0
14.8,128.0,0.0,26.5,3.0,0.0,1
50.5,96.0,3.0,9.8,1.0,36.1,1
30.9,235.0,2.0,13.5,1.0,1.5,0
27.3,221.0,2.0,18.8,1.0,13.8,0
39.2,114.0,4.0,25.8,1.0,14.7,1
42.1,50.0,1.0,24.6,2.0,5.9,0
51.5,381.0,2.0,14.4,0.0,2.1,1
57.6,95.0,3.0,23.0,0.0,33.3,1
35.7,207.0,0.0,21.2,1.0,0.0,0
51.3,252.0,1.0,13.1,0.0,10.7,0
68.6,189.0,2.0,30.2,0.0,19.8,0
36.4,110.0,4.0,18.6,1.0,14.9,1
49.8,216.0,1.0,1.7,0.0,0.0,0
72.1,253.0,0.0,21.8,0.0,10.0,0
47.5,91.0,3.0,32.9,1.0,28.8,1
20.5,175.0,0.0,17.0,2.0,14.6,0
45.0,191.0,4.0,11.8,1.0,26.8,0
30.3,114.0,0.0,18.2,2.0,0.0,0
65.4,252.0,5.0,21.0,0.0,14.2,1
39.0,76.0,0.0,6.2,2.0,0.0,0
64.7,227.0,2.0,12.7,0.0,15.1,0
18.7,143.0,0.0,16.6,3.0,31.0,0
45.8,72.0,2.0,6.5,1.0,0.0,0
35.7,331.0,0.0,8.7,1.0,12.8,1
23.9,125.0,0.0,23.1,2.0,14.5,0
46.9,49.0,3.0,30.0,1.0,0.0,0
31.0,117.0,1.0,16.2,2.0,15.2,0
44.3,200.0,2.0,19.6,1.0,0.6,0
42.2,226.0,0.0,18.4,1.0,10.8,0
54.5,176.0,4.0,21.6,0.0,21.0,1
46.8,132.0,1.0,22.2,1.0,34.0,1
12.4,256.0,0.0,20.4,2.0,0.0,0
71.6,141.0,2.0,19.9,0.0,42.3,1
55.2,1.0,3.0,24.2,1.0,0.0,0
25.2,149.0,0.0,13.8,2.0,4.4,0
19.8,204.0,0.0,16.1,2.0,22.5,1
53.5,270.0,5.0,14.8,0.0,9.6,1
12.5,184.0,0.0,28.4,2.0,0.0,1
39.0,203.0,1.0,11.9,1.0,0.1,0
51.3,257.0,0.0,23.1,0.0,0.0,0
52.7,146.0,4.0,24.8,0.0,26.7,1
44.2,217.0,1.0,18.3,1.0,0.0,1
23.1,220.0,0.0,16.4,2.0,4.8,1
35.7,283.0,0.0,23.4,1.0,3.4,1
15.0,236.0,1.0,20.2,2.0,32.6,0
29.0,160.0,0.0,7.4,2.0,0.0,0
61.3,231.0,2.0,17.3,0.0,10.4,0
61.9,156.0,3.0,25.8,0.0,26.6,1
58.8,131.0,4.0,18.9,0.0,32.9,1
41.1,206.0,1.0,14.0,1.0,13.0,0
42.8,172.0,2.0,30.5,1.0,8.1,0
45.1,183.0,6.0,34.7,0.0,19.4,0
48.3,235.0,1.0,7.1,0.0,3.8,0
52.2,80.0,3.0,24.7,1.0,35.4,1
17.9,180.0,0.0,28.7,2.0,11.3,0
48.1,248.0,1.0,5.8,0.0,13.0,0
38.0,259.0,2.0,22.6,1.0,16.1,0
26.0,41.0,2.0,23.2,3.0,31.0,1
48.5,251.0,1.0,15.2,0.0,14.1,0
56.6,255.0,0.0,19.3,0.0,0.0,0
28.7,259.0,0.0,28.3,1.0,0.0,0
40.0,198.0,2.0,4.7,1.0,0.0,0
37.5,229.0,1.0,15.7,1.0,8.5,0
49.6,204.0,5.0,22.5,0.0,0.0,1
50.5,252.0,0.0,1.0,0.0,0.0,0
46.7,183.0,1.0,19.1,1.0,0.0,0
34.0,120.0,0.0,27.1,2.0,0.3,0
45.1,313.0,2.0,9.3,0.0,2.2,1
42.3,82.0,2.0,18.2,1.0,0.0,0
61.0,258.0,0.0,28.1,0.0,3.2,0
51.6,249.0,5.0,29.2,0.0,8.2,1
70.3,236.0,0.0,10.3,0.0,10.9,0
41.0,56.0,0.0,19.2,1.0,0.0,0
79.1,282.0,0.0,25.2,0.0,15.7,0
31.3,317.0,2.0,29.9,1.0,6.9,1
39.2,188.0,1.0,16.3,1.0,7.5,0
41.8,253.0,2.0,29.0,1.0,7.7,0
41.2,60.0,1.0,15.9,1.0,0.0,0
37.6,74.0,1.0,5.7,2.0,0.0,0
5.8,270.0,0.0,9.4,3.0,17.1,0
23.3,110.0,1.0,19.7,2.0,22.0,0
26.9,294.0,0.0,16.1,1.0,5.1,1
46.3,246.0,4.0,13.0,0.0,27.1,0
42.2,227.0,3.0,12.9,1.0,24.9,0
16.9,174.0,0.0,32.7,2.0,9.1,0
37.4,236.0,1.0,29.9,1.0,0.5,0
43.7,42.0,2.0,33.2,1.0,6.1,0
40.9,24.0,1.0,23.6,2.0,0.0,0
59.3,285.0,6.0,11.6,0.0,0.0,1
53.6,210.0,1.0,24.8,0.0,9.1,0
28.1,100.0,0.0,25.5,2.0,0.0,0
59.2,245.0,0.0,23.6,0.0,8.2,0
11.6,254.0,0.0,17.4,2.0,0.0,0
41.8,184.0,4.0,32.4,1.0,14.9,0
39.0,256.0,2.0,31.6,1.0,5.4,0
44.5,67.0,4.0,8.9,1.0,24.8,1
22.2,122.0,1.0,21.0,2.0,34.3,0
41.9,212.0,0.0,17.3,1.0,6.2,0
22.4,147.0,1.0,15.8,2.0,0.0,1
56.5,177.0,1.0,21.7,0.0,17.1,0
54.6,87.0,3.0,6.9,1.0,30.4,1
55.0,269.0,2.0,11.3,0.0,20.9,0
47.3,267.0,0.0,10.7,0.0,0.0,0
71.1,242.0,2.0,15.5,0.0,18.3,0
16.5,140.0,1.0,24.4,2.0,0.0,1
21.4,216.0,3.0,30.1,2.0,21.6,0
57.9,147.0,4.0,25.3,0.0,21.3,1
61.2,181.0,2.0,19.1,0.0,15.7,0
62.4,277.0,0.0,18.3,0.0,10.2,0
41.1,81.0,1.0,9.6,1.0,0.0,0
36.2,92.0,1.0,26.7,2.0,0.0,0
44.1,256.0,0.0,20.3,1.0,0.0,0
36.0,120.0,0.0,19.7,1.0,0.0,0
62.3,241.0,0.0,6.6,0.0,0.0,0
45.0,245.0,0.0,7.8,1.0,1.7,0
16.5,209.0,0.0,31.2,2.0,19.0,0
40.8,166.0,3.0,28.1,1.0,15.0,0
17.4,135.0,0.0,13.3,3.0,26.5,0
29.8,178.0,1.0,12.3,2.0,0.0,1
55.4,148.0,4.0,32.0,0.0,20.2,1
41.9,271.0,1.0,20.0,1.0,9.7,0
42.9,69.0,2.0,26.2,1.0,0.0,0
50.4,287.0,0.0,29.3,0.0,10.0,0
46.5,252.0,0.0,30.9,0.0,0.8,0
34.9,226.0,5.0,15.3,1.0,27.4,1
29.4,215.0,1.0,18.3,1.0,0.0,1
24.6,101.0,0.0,20.9,2.0,11.7,0
59.4,243.0,1.0,23.4,0.0,12.9,0
58.7,113.0,3.0,15.8,0.0,29.7,1
70.9,251.0,1.0,17.5,0.0,22.6,0
20.6,167.0,0.0,13.8,2.0,10.3,0
47.8,307.0,0.0,18.5,0.0,0.0,0
21.3,166.0,0.0,13.1,2.0,7.5,0
16.7,261.0,0.0,33.2,2.0,0.0,0
49.0,333.0,0.0,15.3,0.0,16.5,1
26.2,177.0,0.0,23.8,2.0,15.0,0
39.9,64.0,2.0,5.4,2.0,5.8,0
41.1,54.0,2.0,31.2,2.0,3.0,0
56.1,222.0,3.0,25.4,0.0,11.7,0
23.0,224.0,0.0,15.7,2.0,0.0,0
45.0,69.0,4.0,17.2,1.0,30.3,1
24.3,154.0,0.0,14.7,2.0,7.2,0
41.9,70.0,2.0,23.3,1.0,2.6,0
54.5,250.0,0.0,15.9,0.0,0.0,0
35.4,71.0,1.0,25.3,2.0,2.0,0
52.1,142.0,2.0,29.2,1.0,34.5,1
48.1,142.0,4.0,18.1,1.0,15.9,1
58.2,246.0,1.0,19.5,0.0,5.0,0
45.3,159.0,2.0,25.7,1.0,8.7,0
39.3,269.0,0.0,13.4,1.0,0.0,0
31.6,131.0,0.0,31.7,2.0,6.2,0
0.0,96.0,0.0,19.0,4.0,0.0,1
31.8,124.0,2.0,35.3,2.0,21.5,0
51.7,107.0,4.0,30.7,1.0,26.4,1
41.8,260.0,0.0,24.0,1.0,0.0,0
40.2,60.0,2.0,20.2,2.0,4.4,0
7.4,210.0,1.0,12.0,3.0,6.9,1
48.5,180.0,0.0,32.1,1.0,0.0,0
42.7,244.0,1.0,17.4,1.0,0.0,0
31.4,130.0,0.0,10.4,2.0,0.0,0
38.4,193.0,2.0,15.9,1.0,10.4,0
43.3,361.0,1.0,30.0,0.0,12.6,1
62.8,229.0,0.0,29.0,0.0,6.3,0
17.3,191.0,0.0,21.2,2.0,1.6,0
42.7,244.0,2.0,26.6,1.0,14.5,0
24.0,179.0,0.0,32.4,2.0,8.8,0
41.9,287.0,0.0,17.0,1.0,10.1,1
41.1,287.0,0.0,27.4,1.0,18.3,1
33.1,144.0,1.0,28.0,2.0,0.0,0
29.7,89.0,0.0,19.1,2.0,0.0,0
38.5,93.0,4.0,24.4,1.0,16.0,1
32.1,120.0,2.0,17.0,2.0,27.7,1
21.3,158.0,0.0,11.0,2.0,0.0,0
48.4,31.0,3.0,2.6,1.0,7.0,0
59.3,136.0,3.0,30.5,0.0,29.3,1
31.7,55.0,2.0,22.4,2.0,35.3,0
17.8,215.0,0.0,17.5,2.0,21.9,0
40.5,276.0,0.0,32.2,1.0,12.2,1
44.9,308.0,0.0,19.1,0.0,0.0,0
4.5,6.0,0.0,2.9,4.0,2.2,1
51.4,227.0,2.0,26.1,0.0,14.8,0
31.1,110.0,0.0,15.6,2.0,0.0,0
75.1,232.0,0.0,18.6,0.0,11.0,0
47.6,281.0,3.0,23.3,0.0,11.8,0
14.7,267.0,0.0,10.0,2.0,13.5,1
56.3,240.0,0.0,16.0,0.0,9.6,0
50.3,221.0,0.0,37.7,0.0,2.1,0
47.1,14.0,2.0,22.0,1.0,0.0,0
45.3,23.0,2.0,20.0,1.0,0.0,0
52.3,289.0,6.0,23.7,0.0,0.0,0
54.2,93.0,3.0,23.3,1.0,24.7,1
33.9,67.0,2.0,14.0,2.0,29.7,1
56.5,229.0,3.0,11.6,0.0,21.4,1
45.9,287.0,0.0,18.2,0.0,0.0,0
56.5,321.0,4.0,28.1,0.0,2.1,1
48.5,239.0,1.0,26.5,0.0,1.1,0
63.0,228.0,0.0,28.4,0.0,0.0,0
32.5,78.0,3.0,16.4,2.0,32.6,0
53.4,227.0,3.0,24.7,0.0,17.7,0
29.8,167.0,1.0,20.4,2.0,8.0,0
32.3,117.0,0.0,25.2,2.0,0.0,0
43.3,40.0,4.0,35.1,1.0,30.5,1
29.4,123.0,2.0,23.9,2.0,16.5,0
44.0,237.0,0.0,28.6,1.0,8.7,0
26.1,150.0,1.0,18.8,2.0,18.7,0
38.8,55.0,0.0,11.4,2.0,0.0,0
27.8,114.0,1.0,23.7,2.0,13.2,0
21.4,157.0,0.0,13.6,2.0,18.8,0
51.9,196.0,3.0,35.1,0.0,15.3,0
51.2,201.0,2.0,15.5,0.0,22.5,0
30.8,4.0,2.0,23.6,2.0,32.6,1
28.6,176.0,0.0,22.8,2.0,2.4,1
40.9,1.0,1.0,13.9,2.0,42.9,1
25.2,262.0,1.0,22.7,1.0,0.0,0
16.2,162.0,0.0,17.2,3.0,25.1,0
28.0,103.0,0.0,7.5,2.0,0.0,0
36.0,146.0,1.0,11.0,1.0,0.0,0
49.4,39.0,3.0,31.3,1.0,32.6,1
47.0,219.0,2.0,17.3,0.0,18.2,0
39.9,241.0,1.0,29.7,1.0,15.0,0
17.6,238.0,0.0,33.6,2.0,1.1,1
31.5,347.0,2.0,16.2,1.0,11.1,1
13.6,204.0,0.0,7.0,2.0,0.0,0
51.0,199.0,4.0,29.3,0.0,15.6,1
50.4,228.0,1.0,31.1,0.0,1.5,0
44.2,267.0,2.0,21.9,0.0,1.8,1
33.0,126.0,1.0,15.2,2.0,10.2,0
43.0,264.0,0.0,26.9,1.0,7.5,0
40.0,228.0,0.0,24.0,1.0,0.0,0
42.7,52.0,2.0,13.8,1.0,0.0,0
52.9,229.0,0.0,31.5,0.0,0.0,0
57.1,251.0,0.0,25.9,0.0,0.0,0
0.0,97.0,0.0,22.0,4.0,13.6,1
67.2,182.0,4.0,18.5,0.0,21.3,1
33.4,94.0,1.0,16.7,2.0,7.9,0
27.0,225.0,3.0,28.6,1.0,1.9,0
17.5,80.0,0.0,16.6,3.0,0.0,1
32.5,289.0,0.0,31.1,1.0,0.0,0
51.5,258.0,1.0,24.3,0.0,2.3,0
13.0,70.0,0.0,22.6,3.0,7.2,1
31.2,124.0,0.0,17.4,2.0,0.0,0
31.5,133.0,1.0,24.0,2.0,2.2,0
17.7,192.0,0.0,29.4,2.0,0.0,0
54.6,225.0,0.0,25.3,0.0,11.5,0
58.0,231.0,4.0,20.5,0.0,30.3,0
52.5,94.0,3.0,5.9,1.0,31.7,1
33.5,114.0,6.0,17.9,1.0,0.0,1
54.6,1.0,4.0,2.4,1.0,15.2,0
36.2,87.0,2.0,4.9,2.0,23.2,0
17.1,241.0,0.0,26.7,2.0,4.6,0
38.4,98.0,1.0,23.4,1.0,0.0,0
57.4,1.0,3.0,24.0,1.0,0.0,0
10.0,110.0,0.0,25.1,3.0,1.8,1
65.5,184.0,3.0,28.9,0.0,21.2,0
35.3,21.0,2.0,28.6,2.0,31.8,1
26.1,171.0,0.0,25.5,2.0,0.0,0
6.6,155.0,0.0,24.7,3.0,6.2,1
40.6,91.0,0.0,8.5,1.0,0.0,0
16.7,298.0,0.0,19.3,2.0,14.1,1
54.4,244.0,5.0,31.4,0.0,6.8,1
48.2,174.0,4.0,16.7,0.0,16.5,1
46.3,15.0,3.0,15.1,1.0,12.8,0
52.8,159.0,4.0,21.4,0.0,12.9,1
38.6,291.0,0.0,12.7,1.0,10.8,0
56.4,145.0,3.0,7.7,0.0,40.5,1
61.5,261.0,1.0,20.3,0.0,12.4,0
31.1,107.0,0.0,26.2,2.0,0.0,0
60.7,154.0,4.0,15.0,0.0,27.6,1
47.4,248.0,2.0,39.0,0.0,13.4,0
24.5,169.0,0.0,15.7,2.0,5.8,0
34.7,94.0,1.0,35.1,2.0,2.3,0
17.5,123.0,0.0,9.5,3.0,0.5,1
28.0,130.0,0.0,30.0,2.0,4.1,0
53.9,314.0,0.0,1.0,0.0,0.0,0
52.9,257.0,2.0,22.3,0.0,14.9,0
38.1,100.0,4.0,28.2,1.0,17.3,1
55.2,185.0,2.0,8.3,0.0,14.7,0
31.3,103.0,1.0,24.5,2.0,11.3,0
64.4,1.0,4.0,31.1,1.0,0.0,0
39.2,89.0,1.0,12.6,1.0,4.8,0
62.9,190.0,1.0,15.4,0.0,8.3,0
25.6,221.0,5.0,18.9,1.0,0.0,1
32.0,118.0,1.0,42.8,2.0,2.0,0
37.1,104.0,1.0,15.0,2.0,10.4,0
54.2,221.0,0.0,41.6,0.0,0.0,0
46.0,256.0,0.0,15.7,0.0,0.0,0
30.9,133.0,1.0,21.0,2.0,15.7,0
47.5,118.0,3.0,23.6,1.0,30.2,1
29.5,178.0,0.0,28.5,2.0,0.0,0
72.2,212.0,5.0,20.4,0.0,21.6,1
29.9,100.0,2.0,29.2,2.0,25.4,1
46.4,206.0,0.0,1.0,1.0,0.0,0
74.5,272.0,6.0,21.1,0.0,14.0,1
37.9,215.0,1.0,16.1,1.0,12.1,1
50.6,447.0,1.0,14.2,0.0,19.8,1
26.4,157.0,0.0,20.2,2.0,7.1,0
39.6,38.0,1.0,15.5,2.0,0.0,0
24.3,183.0,0.0,26.1,2.0,10.5,0
35.0,287.0,2.0,30.5,1.0,0.0,1
47.1,241.0,0.0,17.7,0.0,11.3,0
86.5,243.0,0.0,30.7,0.0,18.8,0
